PC1,PC2,PC3,PC4,PC5,PC6,PC7,PC8,PC9,PC10,PC11,LABEL
3.2706235439710647,0.006484486357369933,0.9312071904691832,0.19449656589098918,-0.5487587561265155,0.16463663227168612,-1.2136154905715588,-0.4073671201323918,-0.3290402275564642,0.08810708592505455,-0.6006841304577575,1
3.555513885123504,-0.30412466670347754,0.5534279609604248,0.4773253329988544,-0.24440210236056437,-0.6126955410235926,-0.6064646893914938,0.037899679940565215,-0.07047719098791456,-0.15190572984501116,0.2932466615985402,1
3.053840381244014,0.8689896015856029,0.9513129577408859,1.1388596991637865,-0.12661044459194615,0.5976004128708451,-2.2424763227090114,-0.03344255373659934,-0.4348155595385842,0.08592938794206288,0.20088901144347246,1
3.5363847365685013,-0.6318443039927328,0.2728642016382448,0.40412356042561065,-0.45744006047432684,-0.9896439398218805,0.09994517226392846,-0.032870769821818635,-0.19840172703155046,-0.14039031308008015,0.45259895252298604,1
4.052060897489181,-0.027087457880731934,1.362120781040332,-0.4011656710348482,-0.7273710658741046,0.015876797743441976,-0.7850437716871448,-1.3202795218185432,-0.24922917437476175,0.17981020330263867,-1.0456622555948778,1
4.183942860848946,-0.1970415001058794,1.1877073208487976,-0.4412675001928388,-0.6412859547663186,-0.530098479270616,-0.8054454565525568,-1.4366414247760229,-0.48923725000330676,0.20131350104666526,-0.9664059854168643,1
4.023638424142867,0.04549872591030588,1.2853530819556025,-0.3457029239145979,-0.7196811143712631,-0.20755002071632742,-0.8331979441017815,-1.3480571722315573,-0.31211858176067286,0.21729187964345645,-0.9660822011834561,1
3.4329503801894967,-0.2397648496357837,1.1366966797634355,0.13612771723239003,-0.9391848084106699,0.19980339852279758,0.24686229029900944,0.31914935363125885,0.46532721000649946,-0.16312456425888358,0.18429482313513065,1
3.3529040303220365,-0.029472532162535616,0.8635717027587817,0.39835555886417784,-0.9568943660309152,0.06708463158209808,-0.05706861338694044,0.3259827961979143,0.3036000438338343,-0.015042746018761467,0.4131372644492807,1
2.958592907411843,0.46987526324150863,0.6651955029452841,0.8383456915659961,-0.3143449944156648,0.6718587513957427,-1.4381980535286005,0.951308159297145,0.049832852146080284,0.008438398093032377,0.38526363174520806,1
2.9533967426744296,0.8109649446608516,0.7611855542781658,1.024867300814119,-0.35608134721843965,1.0215664859317894,-1.761078071775076,1.0242299076466417,0.10224553591902849,0.07275827039686732,0.44816026041248597,1
3.13752868244058,0.19015201172934634,0.930190313857042,0.6706349101799114,-0.9134399246060042,0.7735627044149425,-0.9264953568325016,0.26974898408402376,-0.13433459362833702,-0.06545428770299026,0.30293186039104913,1
3.41393719254713,-0.12337339176393017,0.9706027585074996,0.2507010317169417,-0.8733449017043239,-0.4189598115089564,-0.2879031874448101,-0.37172858953402993,-0.12017659845238525,-0.17849355560585614,0.2554311737876448,1
3.0478510415293965,-0.5429379016347873,1.2380600428647328,0.12786233207601658,-0.14283892608499624,-0.550776342097079,-1.1939751348336467,-0.7400232465180917,-0.8468727174490263,-0.051887669853689936,-0.5752987675898905,1
3.229717740644891,-0.23560061015363912,0.9983781974579069,0.4296525043069747,-0.5504804278556219,-0.07750087989513307,-0.13856847459675084,0.08797208624505037,-0.03177025949825857,-0.1369618811932453,0.10866739917146799,1
3.1566859038502257,0.23611295993638684,0.6164863784747177,0.7844459776306271,-0.5136121184034252,0.4090512878550251,-1.309221435781425,0.5460738782189842,-0.14462900636381093,0.06511597131364391,0.35856162518979934,1
3.0347194775032698,-0.9541241318279353,0.5118954521606557,-0.0526926843927187,-0.44874816147568997,-0.8910469374318778,-0.0792760341906762,-0.2623972173295792,-0.2421844535169953,-0.18144269387847417,-0.0022396071048449823,1
3.3732365948647627,-0.25930017910187336,1.3763123175751402,0.2393675884778979,-0.5778087183234661,-0.15870094716815525,-0.468216427086222,-0.900105763253879,-0.5220944716381392,-0.12843631489463206,-0.2365044637189735,1
3.670911768629391,-0.4655097546593661,0.41359379973335253,0.3411571599796403,-0.09772551172134472,-1.9094875655668215,-0.15220813109261933,-0.34571137958865944,-0.5254362870952343,-0.4615884544331227,0.9105615662661153,1
3.161847516297929,-0.15461322849109327,1.3353780267126962,0.42758193543097084,-0.6995021973307104,-0.009192668681956692,-0.7765824378139686,-0.5359836875042338,-0.6646278862780505,-0.06794927662266584,0.014295431540585787,1
3.7037314527634417,-0.5787265843717182,0.5424811518967033,0.3486834544575859,-0.1178231498305524,-1.7028244876979126,-0.330827825794778,-0.9320916997305496,-0.4528193867487115,-0.2559538953867635,0.2864609415456517,1
2.944474560681237,0.4333647978751642,1.301277988227929,0.688097049216888,-0.43823287587134946,0.4528376267040859,-1.390625508709627,-0.3925889543545309,-0.4979139986813138,0.0965791431079452,-0.1874104673649833,1
0.4076502296463279,0.1551939397752149,1.82747722064761,0.3501989718311091,-1.5417337253319974,0.058285189887514376,0.49509227333690714,0.4529926889783207,-0.6028778576923044,-0.2753606820517558,0.5814899428870659,2
1.1240281233218596,1.268188306562025,1.7261034452156143,-0.041046222339705,-2.03148320519801,0.011386086223558852,-0.010917176783331596,0.027230530494458248,-0.813053941308199,0.27753440625901404,0.4584243583082036,2
0.700129194700014,0.8162960387226059,1.9055379548749947,0.05616089508854028,-2.5297164289010152,-0.34062297627149657,0.03130914499525276,0.31144910993605524,-1.0094707027039156,-0.4497801216428498,0.35375560034645986,2
0.9796389221083706,0.6556232711732912,1.6910037495546864,-0.03771129882961598,-2.0825892644912987,-0.2095157606815167,-0.17674089296746467,0.35695087033969114,-0.7068108239358456,-0.5249433425217468,0.3837722339668522,2
1.6230609719181281,1.30414011259815,2.013126281261522,-0.1641203999971263,-1.5033669007779382,-0.07868660258752079,-0.025590153315149872,-0.07169177151450129,-0.5932213951444487,-0.08820490613045628,0.04139311573876626,2
0.13037026122230277,1.6514586289218025,1.912011020372541,-0.014492270336676554,-1.48220438465381,0.001750065653240725,-0.22185411194919158,-0.2936105887810148,-0.5479099643323665,-0.26043900119967767,0.22593210933570737,2
0.7251322171873741,-0.04979748210352305,2.33821348020761,0.5236869612934391,-1.5532285474333036,0.39252440802646094,0.3126134019220915,0.37646001456608597,-0.6666119243475945,-0.09989916073342717,0.5181728039484317,2
2.0727823883473095,0.22965151343971663,1.381901891827293,0.0681338793548502,-0.6254175751603388,-0.5916579245061069,0.10854570044553591,-1.0460983613015475,-0.3789152108832235,-0.14811474277909753,0.15005999870836087,2
0.5699816660262746,0.9275090697472792,1.8920874585020873,0.13760369423720387,-2.3683206475114282,-0.027634462451019547,0.028439916962879737,0.6252387224191881,-0.6368299346888436,-0.29403278353130274,0.6761498544352378,2
1.347169236525162,0.5265928056112059,2.2243395687939462,-0.012306787575906555,-1.3297262272378145,0.21974197556432787,0.16774017325096685,-0.16447079093848424,-0.36625768147705173,-0.605441708448938,0.19275149461137758,2
-2.734982963734552,0.3530460620737681,0.4899730410488884,-1.4690805905680693,-1.1171828754301074,0.3218498586237777,-0.5514043457026283,-0.6789765398323887,-0.01996108154692954,-0.2898215563753721,-0.9925342981511404,2
0.8981915864884417,0.6867617926586292,2.103952220704071,-0.34169495528566646,-1.8849916201987267,-0.32830149517414225,0.4494007190841446,0.6070640110577384,-0.4830898026950472,-0.4817062550323408,0.24164264501914062,2
0.0002917414818962816,1.2882600203016192,1.065053630058927,-0.2897916410120571,-2.3080317669176655,-1.4411037498568893,1.0054090162925275,0.011332369946996735,-1.5821778661594443,0.5603565100620762,0.595608287084382,2
1.1025643420469933,0.47794241799643955,1.562680733908522,0.24375597646755898,-0.7808309455940576,-0.17510837415437835,0.5999982474259227,0.14329957668140825,-0.21277945117757807,-0.6480731557690154,0.7479074140726361,2
0.4670204002419031,1.0535489033433487,2.120468703451088,0.24862960041336443,-2.007010727524761,0.37595649773514367,0.22859148598304818,0.7764266188060683,-0.7172799258345742,-0.08049685269017764,0.5150106220416114,2
1.9131337232262833,0.11691917483417018,2.0940476473549774,-0.07887615363973255,-1.5841409950297038,0.39806832039542095,0.31086692691912104,0.3521851133060016,-0.27987234975483466,-0.43603072573460167,0.4352704140444313,2
-0.0869493876352542,1.0370004953182281,2.42270381192516,0.3658882935601141,-1.918467457413611,0.7279442056666455,0.53279829138212,0.3903860458234286,-0.5118563730813577,-0.5583716177610472,0.8074101801857104,2
0.15636439527851717,0.32120860671104606,2.31713219733969,0.7376424407700144,-1.0230870512020465,1.022704289266614,0.34658889618316197,0.22409202492819827,-0.097730755238225,-0.4180703110692124,0.5678469915959993,2
1.3942283265688418,0.6494922570091199,1.9332737127836461,-0.09540573267448735,-2.0990789507808683,-0.15595417421909444,0.29742940237139004,0.22974452977480614,-0.7000120974101192,-0.116935459450651,0.33229062132347814,2
1.8802782822035125,0.5150267962430348,2.015757189422835,-0.07079223646529978,-1.8095277644812362,0.07181699065280069,-0.2629018561684414,-0.3097961078541564,-0.5030413412085386,-0.3613691928999472,0.35325161943640737,2
0.1486357092404309,1.0152461805930297,1.7599894345094667,-0.3179396290060809,-1.727097992195889,-0.3435840430226666,0.8092402478855473,0.954737157736701,-0.7174653823373638,-0.13681198968954156,0.42180446497030005,2
-2.700154342016165,1.6275282245038916,-0.8803132540694322,1.2479487297307996,-0.28240849346970304,0.45206177660963226,0.5522435272742968,-0.5779750395548097,-1.2919479307289152,1.8230767803940842,0.5749596929166486,3
-4.219724054945387,-1.2108483970027073,-0.12746612849266895,0.9806106708687782,-0.2108681213322765,-0.03324935811090981,-0.008384810914560578,-0.684861010389819,0.32678497848744353,0.11695733567615224,-0.6240403141256983,3
-4.04697243984846,-0.8104207161366461,0.10733187628787015,1.0933329248104835,0.0896921824666809,0.10616491325660476,-0.03408565448747937,-0.3039988608641257,0.11809593441543971,0.3193871612184718,-1.0633557231794024,3
-4.983053207006995,-1.5281329204578225,-1.256685632760769,0.460154577131476,-1.4174026916406817,-0.20595241146003052,-2.065353011478762,1.60578295850518,0.9228486803749095,-0.23952692482238516,0.6823684947794286,3
-5.205298898426172,-1.4535135904980414,-1.5365767602610045,1.203336543142148,-2.4746870643773358,-0.5330946487189103,-2.273317119111455,1.6593310206898562,0.3764768736597855,0.1123565074913769,0.13825754420542344,3
-5.1642390272074055,-1.5036062851067429,-1.5727997865794308,1.0512158325096101,-2.2210256986823467,-0.6450789627403725,-2.1390063057613977,1.7567984080978936,0.5006316848071489,0.11393494296980919,0.2299768375337114,3
-5.75855964167667,-1.894394232907848,-1.4893728764239917,0.993253563958612,-2.3545521841642882,-0.8657044277151654,-1.4934025516692353,1.3071523924301627,0.38129101613707755,-0.2973322454870129,0.20506438340154187,3
-3.900126500117019,-1.3156027179158298,-0.04268245673709166,0.7871135028540002,0.03438055899956355,-0.2818236592624124,-0.14111057102225222,0.16906174111015287,0.23218451467447443,0.5774611276132298,-1.0016086898231968,3
-0.8259299070330121,2.1125477098324517,-0.41644304919804004,-1.2575774317061668,0.5151445414249005,0.48027328350085907,0.7780271630281299,-0.6136465708205204,-0.24275132377874148,1.4256248296895175,0.4675750896957592,3
-4.62684151391851,-1.6125581289479871,-0.5453758710612235,1.5606908842237304,-0.20854262406816548,-0.17069259076077892,-0.35144073807489146,-0.2696278496663961,0.024260141391393,0.8570861125179534,-1.1247800722578767,3
-3.6838475249982308,-0.7032415515635069,-1.0118189262196113,0.9276700377289434,-0.6155820724796505,-1.5154692467691206,-0.010585904029875769,-0.7323831534847274,0.2624837837515139,1.3822660320072355,-1.2215680631902952,3
-2.5634148273707242,1.6233871342802229,-0.7789734403222983,1.3407739779322525,-0.22090861413105364,0.4581787665474752,0.8090735516798869,-0.6386654031047622,-1.768941563071743,2.2383949685195677,0.5915836859709162,3
-2.7494092677958126,2.463157843617789,-0.6597765288753361,1.6719485534534884,-1.051239885388709,0.5994816288019859,1.3292366235100084,-1.0944056673104816,-3.2545403198850327,3.43505820522549,0.759684416155323,3
-0.87082855392404,1.2327634618071355,-0.6389250694535361,-0.3346392695714044,0.9438407847805658,1.1881182288365528,0.6357714454613242,-0.5973475870218156,0.4277349245516127,1.1797964640871572,0.2688023707647141,3
-4.67636651781042,-0.8849403143376469,-0.9438589940516287,0.8312882116108967,-0.7121160378027565,-0.07182532355756943,-1.9863091200365801,0.7636234462225526,0.16939386529873102,0.5302498505042438,-0.2921069918829325,3
-1.2665035883056108,1.333730013963695,-0.5677627019146366,0.033502753257774874,0.500095890344451,1.3340881628745918,0.4019466119123248,-0.4326344897279976,0.09899662491187042,1.3740600934881249,0.1766884158687438,3
-2.1560826836980977,-0.455656695658789,-0.96926537867514,-0.41273991244819946,-1.2970175981641168,-1.7051789713335674,0.5867173232949106,0.18619055284064603,-0.37329671913784973,0.8589429987715885,-0.4195771339389977,3
-3.118934898051494,-0.7523781756214915,-0.4477697372485273,-0.2501009666291391,-2.4422467249000945,-0.29723166715517274,0.22251105697208917,0.2139895505378294,-0.442846227675231,-0.45321641369263554,-0.14674135034934474,3
-2.8390544509030384,-1.8622046157709624,-1.4991616843955098,0.6642805816206269,-1.45707363300284,-2.6246624714807116,-0.046327517867673106,0.7174683267759722,0.090412144175563,0.33307152803418416,-0.09233208777453299,3
-2.916250685684764,-1.9336947891538923,-1.892473413774499,0.6454310825633088,-1.2046704331698361,-2.8910949739429044,0.0703416661135477,0.8656207897279141,0.13840841441015272,0.15385665859611072,0.15929032301317045,3
-1.7891615821829712,2.571376877679934,-0.7896880620145558,0.9093591129307356,-0.579942701403273,-0.3228393058814372,2.013228369586712,-1.5818386160228113,-2.9641409241431105,3.4487692410257447,1.0304449296116878,3
1.348106275802682,0.006549253867083582,2.2844086096863756,1.4788054769555325,-0.051592364401763034,1.0230646905260312,-0.23756563338115708,-0.17863484876824798,-0.09648960571723644,-0.21621588743695877,0.6493144534745636,4
1.1447996694402738,-1.8292824409585755,1.9827458079818976,2.1264481001801823,2.155889945634919,0.7372245564022806,0.23368494440700938,-0.7275507650905738,0.3866184989121047,-0.46361763387879146,0.11818727337555811,4
-0.28769068716145596,-1.9592893278354453,3.1231229539103422,2.6245217735729893,2.426426567115846,1.6325038834259262,0.7522517764782043,-1.090756164295165,0.696294938539921,-0.585307680735209,-0.195136528042096,4
0.5414576544926224,-0.8363989338186328,1.0800470016884587,2.260268180516517,1.7205063164183447,0.04155320387044545,0.4553440287800081,-1.0180830295138859,0.626941480342098,-0.6919494924793522,0.606066343209636,4
1.6655842950502882,-1.3120909919097175,1.3579951952963578,1.5730640920647176,1.2810643955518997,0.35004568395539454,0.5881643189635495,-1.0436142565368622,0.3406574124725203,-0.4707182416500253,0.1804058974133187,4
1.5526029156910166,-0.767380815063628,2.1059358806035755,1.5858791325360722,0.20562199597885827,0.8787502894109677,0.632477412492434,-0.37623988533244257,0.06532979964878775,-0.5118485802897256,0.5566537559526243,4
0.1429777733716193,-1.8183345941756732,2.184077387493028,2.3231869565427488,1.6744036726478062,1.1939164091167083,0.6531888996757524,-1.1282299609977544,0.08652343434933733,-0.33122374481594546,-0.13536521463364765,4
1.5823595135089568,-0.41207218964693926,2.18275497908933,1.540270339022875,0.7645158685738612,1.1559530803435567,0.2599547699573534,-0.743599025483157,0.5752717657890898,-0.5838321769489399,0.4537193497112651,4
0.6339388968666958,0.9776259220429702,1.6606715602239888,2.10171866584976,-0.294903536495169,1.8670076803858338,-0.4652702338381714,1.005179781218175,0.6627704284946494,-0.24161431133458114,1.3909904669045154,4
1.9752912190041834,-1.519777988566111,0.19641449287568757,1.8761011350329238,1.709970839149174,-0.8858221513582759,0.5250761010579164,-1.15983057737322,0.44610543940758796,-0.6569379426310198,0.5403481358131126,4
0.44037699629190113,-1.3846477602806988,2.1144920230039634,1.671567319119179,1.0711998670991973,0.9929870449723601,0.6519434008660907,-1.0418176158610921,0.9108027888358546,-0.7275170096959184,0.16088204897277408,4
0.4300760075565143,-1.893880276771233,2.1359044636444318,2.047170421259725,1.712300356938193,1.1875191113094778,0.37014563508939796,-1.5443564124129014,0.19919753634979667,-0.3078374038324421,-0.6523577687788655,4
-0.8398758139187612,-1.8239255351130583,2.884350851323833,2.572077101432457,2.35623491487497,1.7054089426199155,0.6685646374750873,-1.1165330401763847,0.6878388472561833,-0.6006752073007727,-0.4028082613194376,4
0.4673061266920369,-0.5925626356170784,1.330363045022867,2.4219820325515395,1.4037976209351601,0.7083137594798733,0.04484787526383391,-0.5266900100128372,0.5334843862425965,-0.47264918281676555,0.6978470758654806,4
2.0870784786050067,-0.20313263608116447,1.9701516071891265,0.6017988372425208,-0.6602217723955071,0.9313204000042149,-0.02588475866306781,-0.493158274682296,-0.1720889580086849,-0.06688751082313969,0.06226654882704665,4
0.9052348818691054,0.7673263832703722,1.813745670937584,1.8771549985020872,-0.2711596926062749,1.6557097433023285,-0.5375224344509185,0.6800049673362689,0.3942588538200264,-0.35714605893707346,1.2668683058997297,4
1.2171843194710152,-1.309909661274258,1.4465291981009833,1.1966808409854557,1.1040252019041552,0.19265097875117343,-0.4015538432033338,-1.297873509116819,-0.37826193278765513,0.20101309118342284,-1.0775907796999822,4
1.2197246027064306,0.22462804524284993,1.9038538315466622,1.7437191571996256,0.49938962495362643,1.0819406832787504,-0.44953052728323106,-0.1701748747115261,0.4878570427784073,-0.3566962035997469,0.827220983935984,4
1.6626437807404002,1.8972716255623512,0.5106932246309875,1.6498884296307978,0.4631970127236531,-0.39588462842786254,-2.5352446476040362,-0.7222596741034758,-0.04521327358434632,0.3489240792217842,-0.48025960074969337,4
0.13224296719571815,1.8504297247271306,0.14561420619889773,0.8330101637271592,-0.879620404066119,-0.763986029209347,-1.9226279310975636,-1.1202906952372964,-0.7458743238704535,0.7425860413857197,-1.2043719856878776,4
1.5413027471016276,-0.6905000223031007,1.3217726560802538,1.6687075573217374,0.8234648049663461,-0.32862771160308724,0.23578476774849086,-1.3745574528597517,0.15017405579016752,-0.3929100605477594,0.22522587222623444,4
-1.9666026595897563,-0.535502280998436,0.4435511402448651,-2.2132780066417963,0.3186126764748668,0.4584722503747729,-0.18438816121373888,-0.3068633649218403,0.10488155920554995,-0.056090159442072796,-0.12103217054364938,5
-3.5492551124125615,-1.1755570888745255,0.707673566508774,-1.1783802559368928,-0.044535570113606204,0.49818034109808684,0.13620243526963138,-0.8135191322876707,0.5613887895193871,-0.043100405626499104,0.6807932796299503,5
-2.025873051322343,-2.9568206303646716,0.1648274393399161,0.4345650684990318,1.817374968977552,0.28796100375314376,-1.1547859140317724,0.7039736666850499,-0.12005408937127861,0.5422018298394646,-0.518869157324667,5
-0.7809044121936073,0.5310851034553451,0.3527867694428001,-2.921260637973658,0.576487774404183,0.05982281021674898,-0.3990346244728282,-0.18095303135370197,-0.17461422569224777,0.33358504898603103,0.043578904208621,5
-2.891665539263408,-0.4240303054198698,0.9188140780969841,-0.6831422358964071,-0.514908303162233,-0.9100383826935002,-1.054004316593045,-1.384245101328414,0.5546803396990627,-0.31853584277984437,0.8275598132635819,5
-1.2532747989694477,-0.5101751751668919,0.2821489759831579,-1.0838305417671963,1.0457761443415872,0.3749104774754638,-0.2383824115440307,0.23521391968850613,-0.0013280166684842382,-0.14601646699573792,0.6644875871890291,5
-4.344115754985551,-2.190511222865834,-0.06965780542033453,-1.4770990280766472,-1.1698155329240298,0.21737127742005796,-0.8733976760556149,-0.8154553864301253,0.7044385213877452,-0.5163672957660977,-0.4234052035063124,5
-0.49624790342792346,-0.15502875643127254,0.7694991898508984,-1.8078955538859498,1.4323040487409648,0.09539237781536963,-0.0523274721878303,-0.259184140575517,-0.2147076908642925,0.10792692889255019,0.20664148781137892,5
-2.5350223487665198,-0.676071186521641,0.3465613986382656,-1.9466202687038876,-0.1161528159591208,0.5522192454056314,-0.5727371043020423,-0.4271393952189385,0.5240304106351882,0.4052291546230846,-0.19984747425049987,5
-0.7756398595908167,0.1227457950848277,-0.8435922950275638,-2.092465047314977,1.2457733545266036,-0.8484802528101105,-0.3077116105795963,-0.3996383184495734,-0.01403648972825367,0.455430253465458,0.20468006516701018,5
-1.2742097534446615,-0.04866614981107315,-0.5846429641255747,-1.625229830824697,1.1027834866248314,-0.31591932491537833,-0.6241896845486385,-0.3974098765857036,0.08442831940490828,0.6514892238028114,-0.048151410005717175,5
-1.1183263363349227,0.48748548349695076,-0.20525253926788792,-2.5653702300972796,1.203515617874135,-0.8187348716458218,-0.8003756255849995,-0.8446503913837361,-0.43494127440902014,0.018721989545587812,0.398160213215282,5
-0.48034247207825426,0.7336306127215961,0.3779817850419528,-1.9314681201816524,1.3456612928290745,0.1580231163000069,-0.5428378380155249,-0.9444452130260436,-0.5423356589190002,0.11429401252174716,0.21588907777598512,5
-0.5613025572618086,1.9246034411421296,1.3414041323719268,-2.4551278986221248,1.4381715895083524,0.532990345388406,-0.242610115374353,-1.7872865849479442,-0.3701942691554057,-0.31247617201690636,0.2970984746938311,5
-0.6664400307297706,-1.8404966364716517,0.6462409413238417,-1.2820312887720202,1.415678811069015,-0.19620835201037015,-0.12283118429814048,-0.04826988923816514,-0.16381239746923332,0.5719315566931102,-0.5673076758282226,5
-0.6919147774558809,0.5707474720795523,-0.31998094434660096,-2.5188253174361734,1.5419985975807282,-0.8093920562896282,-1.0689949920570554,-0.4212818553870694,-0.6043273064007858,0.1558165761238542,0.3388739835001613,5
-4.805155085681164,-2.9991237752554833,-0.3466343521723016,0.2304543134865989,-0.07811147105502038,-0.15439231299755232,-0.6515045165679166,-1.1729468964275473,0.7097054529994145,-0.4100483987691702,0.22236809958164983,5
-3.6492535259756163,-1.469715786195992,0.31683120854887475,-0.9928378053359156,0.6724813351470497,0.17944869159354837,-0.18335111335795312,-0.3956251260199941,0.17342486002405383,-0.2604081189885328,0.7306234016280742,5
-2.9692449493589037,-0.9033876589620461,0.07721052424934913,-1.6004152224618249,0.1343449675085157,-0.10411061038230725,-0.1341026979852058,-0.5085818117312414,0.29153426299701374,-0.418752714474725,0.8977555307889854,5
-1.4582411636637929,-0.4308553686446777,0.7726596097991187,-1.0568678966880787,1.2171155042973671,0.6267456959314754,-0.16870734162023937,0.5000766302301746,0.056183132975979204,-0.17165656237869434,0.6479194236494243,5
-5.285154241145029,0.20218975637380987,0.31294375975473804,2.007209252944755,-1.8305290861592878,-0.6432163012362366,1.3096555491129591,-0.8612734646038785,-0.909919562976083,-0.4160393891008698,0.5105282804964806,6
-4.745348049296616,0.8082480742378789,-0.32343510191675046,2.3619485822847652,-1.3089935462128288,-1.4882923876611729,1.3675444831455208,-0.22010172681635456,-1.3730878036797625,0.13030158276747336,1.2488914815513297,6
-0.9112008627342887,4.095960212091132,-0.8703405944820749,-0.20054879108234785,1.013179839430386,-0.401904191144622,1.0584126138194265,0.5889191328106874,1.0650057277735536,0.45346097462881085,0.008175908677052127,6
-0.9555424033203772,4.262190459968299,-0.7780934545495635,0.01391619533757339,1.0619371160403643,-0.32080392175640765,1.2340467463882534,0.614640336119334,0.9651272771467948,0.5918318071395301,-0.05478888944641502,6
-0.7539081269548579,4.147240135962305,-0.8006631912493594,-0.13799334185177206,1.2637041138474323,-0.847949496278508,1.1369154132617811,0.7195130324815752,0.8148548804902497,0.45117514756567073,-0.0729411250829441,6
-0.20470525204161225,3.350535918552564,-1.3632638078347794,-0.523471290453934,0.9937632654068487,-1.4465048360206,0.726728092350719,1.1961758980501556,1.2287765546913134,0.026583335793424114,-0.44213359018706727,6
-1.4423356010602009,4.033044255475584,-0.8170488661296024,0.028416540345901152,1.0762806693141989,-0.2758736274955946,0.7834106200117107,0.5350149856970455,0.9290280141286485,0.4916696865564726,-0.1565049688893605,6
-0.6777059758404265,4.136134582455711,-0.3332826510222735,-0.4715675693375381,1.2864869944655197,0.3490118639561053,0.5204592907832144,0.853809581213948,1.2023823418631503,0.38507353210952644,-0.41412264959325684,6
-0.5713178182816889,4.183691217440565,-0.016091917123509526,-0.20138756621697407,0.7444088020523917,1.1223324293488692,0.8457410697946757,0.4299315299493332,1.0581649066468772,0.7489100275298219,-0.17841997274124125,6
-4.29240149030624,0.8894160474592392,-1.1552464861263116,2.098539153105715,-0.5665347101877699,1.2336005918799096,-0.9405718752082138,0.4062300729954064,0.7159774172095238,0.018865688702810534,-0.7685589227869659,6
-1.057168595342457,3.857713100985089,-0.5055458494544647,-0.4177620165895855,1.1156881248696737,0.04322126413076847,0.5807951977128847,0.6109589628614568,1.170853153746315,0.22752284157833874,-0.5533451097079296,6
-1.4242141815434646,4.092962301074465,-0.31154189144475936,-0.0626234576676692,0.6370562876801169,0.8570183300894028,0.975430872899603,0.07719668529926173,1.1726528756942907,0.528681253056477,0.040440854713870135,6
-1.2303592143048976,3.3379434015435394,-0.7095664349154788,-0.0826867892632248,1.4469172028829154,0.36473165284503073,-0.00520259986942319,0.7856575911461556,1.572354163400377,-0.15347005317046006,0.13156674661535664,6
-6.909724961600246,-0.04103201781836005,-1.8425755035587323,2.8280272424244286,-2.7618806633218274,0.34916920557183245,0.25656771596333133,-2.0949318107415555,1.9722415618152898,0.5106391065197946,0.6613521609693271,6
-1.183499767480002,4.492763394374463,-0.5126151923068338,-0.17007858359205708,0.9205656059342072,0.2612802586062387,0.2745787871354343,1.0131524628333866,1.1335564429320364,0.5743162371468916,-0.43778998899680516,6
-3.8966033671164997,3.2210760576905697,-1.721992419693977,1.0420212369104942,-0.7406449087282233,-0.44858204692267234,0.5688031058257,-0.6125973533020472,0.45363953217424213,0.8265518994280747,0.6363282749909202,6
-6.525334083371531,0.8929411975949253,-2.0034890283851894,2.134925809335643,-3.6952651950261886,-0.14939775645986428,0.14728940381375127,-1.5915081160046936,0.7257581759417323,0.8981609239683456,0.47700801474315874,6
-3.358806761351454,1.4401826584776418,-1.0324287818569484,1.7725750020345221,0.9635087382107534,-1.0989971149046815,1.223904713066665,-0.6094353956156996,0.18356625490312317,-0.24468705318334252,0.6128815707882963,6
-1.1643617583776322,3.74014827973312,-1.285462094010583,-0.06364733430573927,1.8211910733986345,-1.3646747530554781,0.6962769380768624,0.5622762873102939,1.119905805022159,-0.09319196294406591,-0.2884536507408049,6
-3.0077959000560015,3.0612810434887137,-0.9133377313199025,0.4627296536674725,0.4730124184868741,-1.1964038685438612,-0.1675892729919069,0.36818039437884753,-0.5172482717086687,0.3977648874939439,-0.3239925701128392,6
-3.138569692038107,2.8010096126938517,-1.2920038894082635,0.24899301517773392,0.49640339805576655,-1.5485641042308074,-0.7027612046197377,0.07685666452273436,-0.03424183731589397,0.03820059089568659,-0.12663013970304107,6
-8.214066047877088,-0.004959906824912701,-0.6198661662210398,4.10144734135152,-1.046626058837027,1.6624016795455137,-1.8970321493568045,-0.754707324523411,-0.7422304122000568,-0.1989201196459221,0.0016938594009799478,6
-2.512533261672038,2.8653448376123873,-2.1226800326239506,0.21269755700891443,-0.953841626707725,-1.1937245430511596,-0.0628069343425067,0.8187753323061794,0.7375691927399061,0.15928481642222064,-0.7063864592623086,6
-6.370720978259369,-0.1433794840364378,-0.6192726488003703,3.5953392469791137,0.20716400645065217,-0.6906392669545294,1.1131360746723884,-2.301551869816673,-0.7553472458894537,-0.04416046405520847,0.23622500925692028,6
-6.711636853013432,0.9695962612723761,-1.2349004126876777,4.519588491964527,0.41077757381614854,-0.267714964744598,-0.6752891280374687,-1.2053807609204692,-1.1266507799559138,0.5515111185694934,0.6357453722463758,6
-3.351631049460411,3.259089750354386,-0.7702554829003253,-0.18391224865857828,-0.7380384050281258,0.15886214919768238,-0.42205879994160633,0.38378575292391176,1.4925152160719939,0.26977840310468487,-0.1234808599236679,6
-2.0629591529418354,2.8151530511037723,-1.1046139862816555,-0.2250478592321767,0.5324836525653485,-0.2970299546187933,0.8137466010074117,0.9871920531653726,1.692450592312778,-0.09264777018285113,-0.46351939990816854,6
0.6193648295976,-1.5165102816641554,-1.1713560141885628,-0.6939523794552095,0.7503872807736502,-0.13820242358009036,0.7489426501496516,-0.605271255701118,-0.8225771473576076,-0.3126911954405338,-0.8364865337603515,7
0.4483664800544557,0.06828136660105688,-1.6686432878152089,-0.3464037050147827,0.8755152497997998,1.1465847866351324,-0.8085002627480122,0.5583886208806708,-0.2933158594962936,0.08815620127385865,-0.4639534155398331,7
0.6113686439564735,-1.2476057147113644,-1.109021362779702,-0.746414465448575,0.685914310286326,0.002767819022376255,0.8046733103351762,-0.7759139684715933,-0.7755308496950707,-0.28554572341408674,-0.8231864432718445,7
-0.36285125619308833,-2.497387591137968,-0.8081830140596846,0.4180591323377516,0.36644309886429044,-0.12299418056139136,0.37745310380104186,0.5165332383984284,-0.3918980906595622,-0.6861965012068627,0.13263064586570822,7
0.43657828240672375,-1.4979935989977229,-1.1789521574172293,-1.2402757992841884,0.5240918885906413,-0.13350886128256478,0.26466038367308764,0.24700704376936003,-0.9723328367353071,-0.3869792316870876,-0.6143573040650028,7
0.38987986889627524,-0.4366151699286312,-1.1771745880192561,0.3028944259116466,0.7874058618613003,1.3170581337386502,-0.732343314458101,1.4112640986496154,-0.16182352179897935,-0.14593528218548127,-0.046703507630699526,7
0.17881620509779986,-0.17583197138978568,-1.1256355257107236,0.567965951690148,0.5463881244135749,1.7204315614868622,-1.038088785830188,1.2297611759008205,-0.11554389489576392,-0.07263614856289073,-0.08516238849837496,7
0.16010543827521306,-0.15650350586103326,-1.348099270947906,0.3268260454454779,0.5106706931351824,1.5642167049481215,-1.0653173800608737,1.2024317737409076,-0.2661963764738315,-0.001468248525065682,-0.10902954730224783,7
1.1132122036496075,-1.2588686534588927,-1.988273656694005,-0.6246003305989041,0.6732651938729269,-0.24970049106100328,0.4774346649556598,0.7536787109911125,-0.45408379999374276,-0.27373584489858344,-0.49146009502119653,7
0.3448203355978718,-0.005763011184926968,-1.336210968103452,0.26230438500848696,0.7339558276907344,1.4819309956940176,-1.0932267549492942,1.131685027649408,-0.27212713581678494,-0.09358651918797604,-0.0820394885364139,7
-0.11692019536862527,-0.12629008547990492,-1.1007580104273438,0.5091039826957644,0.10485160006885356,1.73828521896844,-1.0324334822900396,0.9720341500460304,-0.20910700295579598,-0.20434441871993406,-0.014750187884386165,7
-0.14914760698511,-1.7781624663713227,-1.3449362923819919,-0.5607289156529369,0.2029212544679636,0.1245234748373862,0.3283382505387122,-0.3151951613775228,-0.7756333907888284,-0.5853211421451102,-0.588188429648019,7
-0.33000679691852497,-1.8483648625779263,-1.4133655192005028,-0.2282382958240174,0.3113842528761758,0.1176115830057206,0.34951125798138455,-0.18574113159311106,-0.762783836075864,-0.6487357762662451,-0.4640589547442601,7
-0.8972123699364222,-1.9996555895567802,-1.3758217216003965,-0.11863526618109536,-0.20473277158899042,0.44043870921127604,-0.3044660485304337,-0.48053986039422847,-0.8721937438486171,-0.43815187772858266,-1.0499312246314223,7
-0.8520200365183114,-2.535362893448961,-0.8799483690176725,0.21389853434540637,0.4794548315581007,0.784987809686881,-0.07749893184177106,-0.26593364625064064,-0.8654462385027621,-0.2532659293620471,-1.5032543084396175,7
0.6250976563011255,-0.0525882540723757,-1.7574360285797692,-0.4894408016565956,1.0433954320840704,0.2956263188934789,-0.5520887206315025,-0.5228003455977029,-0.2978295287313125,0.2658965332739049,-0.9023407362550888,7
0.5997502437886335,-0.6125515811792129,-1.8904950966221115,-0.6552417172464065,0.8939618122699937,-0.3557137865981529,0.23765126902605205,-0.7147918245771333,-0.3121831877865973,0.22234876465115508,-0.49616126591511106,7
0.07969634216023908,-2.2715281935817617,-1.2845859223809222,-0.18193286493587552,-0.2946709064628517,0.5459187959123211,0.7958063053020707,0.9062312007643186,-0.056827478632112224,-0.2629477621353032,-0.3625540514545453,7
1.0105019403654958,-1.5912419651954322,-1.9645324610563801,0.008103746666220492,0.06778282558932448,-0.04614482895209176,0.5186985503129403,0.4231494538695469,-0.2112782107288978,0.08864592960482626,-0.5852910728644508,7
0.42590462097819426,-1.3846242780624964,-0.9274321930541639,0.5916292203199476,-0.8784412226011333,2.0619469483054362,1.22518136427122,0.6997832209475188,0.5891036909073506,0.8476752316871878,-0.634090076212809,7
-0.945699360283994,-2.8035989509091443,-3.5627534188314587,-0.21061347603678046,-3.4892335356565374,0.425640545390865,0.023978624318378276,-0.060395901060015605,0.40344292985166014,-1.5571247880842296,-1.9025365960642748,7
1.122727268791508,-1.8261381400424601,-2.149899212166016,0.14475882470498835,0.07908978222430853,0.04495131547787084,1.014456562311832,0.4313339972860036,0.08796004380141789,0.5942366139477074,-0.3658529357874582,7
0.520127125950451,-1.9933772400703549,-1.4152247904646236,-0.6026399867764829,-0.18535574941840838,-0.11659751104270757,1.0568396635232749,0.8100661439962055,-0.019129222363717623,-0.45162356303637696,-0.18755038561363838,7
-0.2496116647121074,-0.13598705890739943,-1.7910626564178345,-0.31352217799918747,0.4631520774428882,1.5490830588103919,-0.8426703938436316,0.33971091779226253,-0.10881567436416956,0.16130095557445226,-0.590103859657657,7
-0.9951785688297027,0.6480950317457022,-0.9800958855255928,-2.368533320138056,0.766184619626239,-0.6401470237213568,-0.5786652777404859,-0.7940489249682908,0.09531211815158092,0.35644920270698677,0.435152501243965,8
-2.2703465375077876,-0.5737010665318095,-1.1373292684792384,-1.5091784185820099,0.3105433423471783,-0.6192975269783138,-0.9479131739146217,-0.8390920024862801,0.46615006989024377,0.46440935034462194,0.1827170002688294,8
-0.23062028766830034,0.048306254116855,-1.1358553004820637,-2.4354960148001976,1.4222264630567536,-1.9128358476803806,0.486195010284363,-1.0078654214177565,-0.27492363473005765,-0.21954619290440386,0.8091744376299516,8
0.14830677653577612,0.8961799252663156,-1.0731078542488504,-2.276702430302791,1.0547203063127555,-0.9883024604181474,0.5517023611790565,-0.3937299158536092,-0.048955997004438194,-0.021872362154340203,0.9990814150115285,8
-0.5701382710004562,0.3976927599033294,-0.8899276462864837,-0.6626735788955649,1.3799124165885457,0.4155784501993076,-1.667757791409266,0.9530863567715389,0.1266826799336192,0.7307313429419865,0.7562013996094537,8
-0.7492902817856877,0.1915307037406619,-0.7001801214020327,-0.9696634503131499,1.3057432332650822,0.5910612940915708,-1.1981961675575168,1.0111090014611332,0.40269590840746633,0.7735954774328654,0.6408859513272845,8
-0.28603567391775414,-1.0598577292528888,1.1634289655191432,0.10096218941230917,-0.3300053750202268,0.8824709298259727,0.030354393247276987,-0.01338525151617527,-0.38615176100802795,0.8130599675482003,-0.3595449574682182,8
-1.392493904363734,-0.1471867580154608,-0.727298914645482,-0.10551529632281768,1.1852368968840759,0.49763005168968305,-0.9917997281803449,0.7109376453187721,0.16341034662068443,0.509500968815154,0.955992419653754,8
-1.5613029371888911,-0.16130319606384783,-0.8054669581937238,-0.033487730811352694,0.9844294277653132,0.15306206840693842,-1.0424771540000934,0.3655547909519914,-0.0518121049556267,0.34195774217726865,1.149817736295234,8
0.30417978187069267,-0.15075708035636162,0.39584264786054674,-0.6125765334679811,1.0033226952943426,-0.9105539538434283,-1.1535512751194494,-0.026788634881625643,0.3472896093887744,0.707793211821482,0.15698389966790516,8
-0.10005258670450518,-0.06893195817917772,-0.21561409550447747,-1.0891522041126964,1.5000179588780596,0.11466321139001034,-0.5352595627394164,0.2800344448902905,-0.01208164117918312,0.8247776446271567,0.18413442854188183,8
-0.29272208324398313,0.8580315813397431,-1.188979448097804,-2.1561074099626603,1.5054456130204388,-0.9375519706313442,-0.8697797144816223,-0.25392721960875875,-0.2843136828571644,0.5382633993202245,0.5479759013657802,8
-3.266509720694883,0.19795381267503595,-1.5526830448077598,-1.9267024135111657,-0.44710380431292757,-0.7404856856924913,-0.5983136815513902,-1.7762670279944868,1.2010742209705267,-0.1530641176026567,0.6955932150783076,8
-1.1251705559835214,-2.07589998233614,-0.113294847706729,-0.617421951962094,0.7873277964931398,0.15459820525415738,-0.5571016416216328,-1.2093147808986326,0.3756569612462342,0.04261573485119707,-1.3605523142914846,8
-1.4216689601272476,-1.9802247665084385,-1.17706410010471,0.07211150001801868,1.6471287188058907,-0.5252098596506444,-0.37680392357170267,0.25296056880311324,0.05051793334445403,0.587800765951386,0.27007197661191795,8
-1.9081835893381358,-2.2017310576955125,-1.0940937619427753,0.4903840884677572,1.7902818994226881,-0.0660613223317138,-0.8014602392782343,-0.03630233768538547,0.1933488594355364,0.9357580181868077,-0.24140380979076861,8
-1.1727382266629585,-0.8930218532687867,-1.9738949340871441,-1.2686932804262665,0.70914595509551,-1.5110602710541052,0.3691946933035776,-0.08695820662710284,0.3218582174621507,-0.3006868338348204,0.8776589003946463,8
-2.913805285564804,-2.69517952143761,-0.6749490660557714,0.6172069787997083,0.06050115579381128,0.4879553327672409,-0.2940186871970001,-0.9841256496659407,-0.018018098049057955,0.2991508590214908,-1.1663450244472156,8
-2.1981906052887035,-0.8250309121734416,-1.2780915499745844,-1.22918709203597,0.36536921838432723,-0.8917535277432614,-0.4613316888709005,-0.09940818908921732,-0.011639643160164812,-0.6285204689297658,0.807186792027836,8
-1.36607048611942,-0.5446543729157176,-0.956167362276644,-1.7959018487945797,0.6499632120748574,-1.0630401283808721,0.20461509747004752,-0.4712612691081735,0.01761459503585713,-0.3076598632963751,0.6265434603860661,8
-0.5646486238614965,-0.02632125599653571,-1.063741025015832,-1.9482742249419458,1.0089251675617197,-1.0470783292573365,0.10161982550127935,-0.4436253923855113,-0.3996125203198086,-0.04321633148812872,0.6870895171845959,8
-2.0170785567766636,-0.9210227206773524,-0.2932225714708379,-0.9190137588737787,2.2120676042924967,-0.3124270880574926,0.14376342708631026,-1.2236468798569062,0.19548041469447874,-0.0770283095739103,0.06691918323632236,8
2.827243878760325,-1.017180736109922,-0.5096756888687546,-0.38830670538785195,-0.7289296633321455,-0.32403508934010683,0.8961404932265806,0.2445187180257671,0.1780603158886902,-0.6799948867258363,0.6955771433691239,9
2.447135966910678,1.0676738718149519,-1.101309893378594,0.011541523942287014,-1.2050798354272316,1.1279179270811168,-0.12784349014083352,-0.20041265040028625,0.11117502022340307,0.3944893946078041,0.1451564521538369,9
3.3725486460351224,-0.17715223983867256,-0.5449947139198658,-0.5640113989394514,-1.328473108369231,0.5777249118193839,0.441995642693423,0.4913575953104088,0.5278953947217563,0.35148816652207443,-0.26392055268992887,9
3.4856554354505556,0.1886257584736849,-0.8942089731123667,-0.679475110340894,-1.453235136429588,0.35244235858603845,0.5327275295228727,-0.30847139317945516,0.48063384091004424,0.4034633083065521,-0.25567090362995715,9
3.2749232442973764,-0.34578793750520076,0.05352053994481449,-0.8117802864576019,-1.426018783313845,0.6931644555589864,0.4515742819973462,0.4819765755885816,0.5425139170861794,0.07923468718770593,-0.030944653956117087,9
3.35241754532354,-0.017007483383087895,-1.5878371965926508,-0.37186306601556074,-1.0564160312123496,0.09537609741989204,0.21514072590989172,0.19336941999611754,0.42513289797371673,0.4036983412932822,-0.16721706493712485,9
3.407227519789978,0.0290891002788744,-1.3846230476781074,-0.6254378606515681,-1.1997373414193289,-0.21156033952276465,0.29686179445527494,-0.4805203085989574,0.30656618896405385,0.19641340841043411,-0.3303754043308831,9
3.4423624200620875,-0.25534616893435985,-1.359641742908243,-0.49743314912401554,-0.9815534042299835,-0.1403615548522677,-0.05584959461403398,-0.07508594187647617,0.17975137673272876,0.18203480793668217,-0.24930413282976113,9
3.327171441996224,0.48026251936356595,-2.1721784692329273,-0.3371363343766578,-0.7092862983476727,-0.6781040932731248,-0.24507233933720407,-0.8652777470406565,-0.14472434791444003,-0.00917281054359968,0.021990623810857778,9
2.5521104980464573,-0.5883978711707527,-0.33809689570247603,-0.8929149387599545,-1.666599523179138,-0.08931852104235345,0.5127757652428281,0.543753799722401,-0.4117875660070101,-0.5955457572205246,0.47237532476348376,9
3.4960185848056518,0.14440713026774646,-1.4425076826738086,-0.43897966878100564,-0.9027245829142139,0.1333503364048941,0.29939842653935517,-0.33222433088439945,0.3219354148448649,0.5509129391982951,-0.2743829538054387,9
3.0838100558589403,-0.5735251826864652,-0.4278063974880017,-0.3742395740709781,-1.2126208424706826,0.4995599106044853,0.06295623755085816,0.720676141690369,0.21001714369924085,-0.03814419985798695,0.059156748288246526,9
2.255337005782722,1.0330152196538882,-1.2189971449030983,-0.20786388633457503,-1.7283505326202115,2.0342398687221857,0.1286398216611484,-0.13209742657129903,0.6340909545399337,0.660167595562747,-0.22591832728162559,9
3.2277992600866257,0.19193948808344943,-1.7052952158765047,-0.5556093049217308,-0.7457228049152158,-0.06343551203709234,0.025250375429827807,-0.4911984914534539,0.39275954107523126,0.32291038143039386,-0.3697670322848965,9
3.1940609892191105,-0.39684011126262714,-0.4566403435850487,-0.47144074769913613,-1.0702021272955586,0.5916592334639138,0.13233128356240806,0.4659418517172048,0.4094551939484336,0.049535057663985096,-0.08115052708365413,9
2.9950745745459595,-0.10783973219159629,-2.0974230248020147,-0.5310478249826323,-1.155746949838581,-0.17075717827696177,0.0017083046062042492,-0.4248045353023508,0.24271035835785681,0.3115763948534653,-0.4348097262479155,9
3.143994653663116,-0.034487910848244395,0.48911671175471777,-0.3215809621973133,-1.3198177594887701,0.7712553945226353,-0.022743738667651926,0.050368035494807326,0.09729111767747937,0.06389060636442498,-0.04626044102905954,9
3.4162891064702237,0.3486612747198639,-1.2452893565991516,-0.6511005040438754,-1.447796519796623,0.717691527317417,0.4116497679386869,-0.2006027150086394,0.5898385828576385,0.5703918522544495,-0.36956950101321984,9
3.3737701991631877,1.0577254505557616,-1.2669879331481992,-0.7654513388421821,-1.4109019329832655,1.340890453479866,0.30790214807378297,-0.1889756405121269,0.8803729473140411,0.7283087876406957,-0.3602463968557155,9
2.422236682908327,0.11465402054878976,-1.9858963698924053,-0.1326975683768293,-1.2525631815530225,0.02586944456766112,-0.33237464126449856,-0.9511614481636415,0.12393934897825977,-0.021215270669629638,-0.6218080023073437,9
3.1638003334231697,-0.8542085811099269,-1.4669185189293918,-0.3984429606738656,-1.0547864558404225,-1.2747756855454022,0.7315885839425409,-0.023315809279488245,-0.34091346155170493,-0.06319400812643726,0.2591456005112019,9
2.8107599782652297,-1.1641347523999335,-0.9852171018409455,-0.6487382375380049,-1.3627741216547298,-0.9787621329791264,0.6693663023072485,0.3857274362499528,-0.4157149347005936,-0.22176208825434665,0.253062144101272,9
3.245775759559041,0.6318792715513937,-2.1550961841434058,-0.3842745219689455,-0.5200011928586991,-0.2481679089442408,-0.10626307969441132,-0.8710836603141984,0.04281029126747434,0.21491888754730223,-0.1531308101553861,9
2.9672608669321385,0.383780546129769,-2.091196729718347,-0.8012624346323497,-1.194781498570266,0.8582103227805493,0.1732034236993622,-0.21249125851019648,0.7885761086444283,0.45819288147781373,-0.21865644754922806,9
2.8524585777115306,0.7466022583164497,-1.8604843089095044,-0.6848910944547244,-1.3909304779737377,1.147967631998615,0.12733830834431561,-0.30273505445345095,0.732897927710838,0.5332103420272413,-0.26714380342638466,9
3.160272750509029,0.2208252349038211,-2.253246938323079,-0.6252843253410841,-1.9044170870732384,0.24692231067863682,0.21930323212345085,-0.8609380047032155,0.7568419365509153,0.023666634403631544,-0.7281791609223206,9
3.379259363731582,0.505380970756369,-1.6381353443531739,-0.6880620870275905,-1.2356141188063123,0.3986462180366651,0.409577698945852,-0.7413569101095078,0.8455137705433511,0.388054902151107,-0.4853908080138922,9
3.3605527617987625,0.01880968704683291,-2.1694528380074782,-0.4556931996814837,-1.880767196037655,-0.23988501522566513,-0.060834666777256685,-0.9371824229413247,0.7255184142382353,-0.18459010997859018,-0.8434826994393733,9
3.403416835013064,-0.07587156906009071,-2.0274363277302645,-0.3168778242277129,-1.8644970719187353,-0.26395725062848596,-0.4393542172356011,-0.8258467353879597,0.9725669105805136,-0.35748273829686816,-0.8854076123973248,9
0.015744483312297976,0.17007772338458976,-0.4444398733716043,0.4381253872069424,-0.5096263585549603,0.008660124090419219,0.9683064582562073,-0.1456202618861321,-0.5675660715726057,-0.9125344830188553,-0.12851554289815345,10
-0.21337705789554165,2.0095283803954103,-1.6031287339353253,1.9121634141607666,0.7211254029467984,0.03445947646739224,1.0522336806058514,0.22267231646269603,0.1171565907862392,-0.8606009162352037,-0.09099972000505911,10
-0.35657453002745415,2.2049616691561624,-1.466513887751123,1.8133110148859177,0.48795711862006097,0.5502771698702443,0.8709873083710752,0.4449569631749128,0.12451852684386726,-0.8259573232708329,-0.2806983598455597,10
-2.752274267027661,-1.792197677000656,-1.2385867532873474,1.6261462623775265,0.7291352446280056,0.4514897274605727,-0.14777290773950755,0.3895143989427649,0.13319985595213554,-1.2448098717498215,1.455816526282768,10
-0.3205202138619797,2.544553994933839,-1.6991247372927447,1.6372235247051787,0.6668014449773063,0.36877750157096684,0.6875334740686168,0.16863276975492653,0.17092272163157923,-0.8849226928156041,-0.31560677619305166,10
-0.36178826882429727,2.488721264316791,-1.7537003751638904,1.8908999777004167,1.2572343886713337,0.022228453391343973,0.668260190812372,0.010085622304258045,0.2085810419468022,-1.033829475749499,-0.012306277377385759,10
-0.40182958122363516,2.5055945921579883,-1.7779000320934324,1.7355553681241584,0.9310604122936053,0.23319065611663126,0.1432025055331186,0.5873750016807662,0.29004124866120523,-0.976261145645931,-0.31715299849249534,10
-0.7467700852927931,2.082844450268893,-1.5966197983386479,2.203099827558943,1.0844608756569374,0.10401818651582932,0.4930848068375631,0.4784337244035446,-0.0351329658222318,-0.7328224575893748,-0.07853643985475542,10
0.3669047330379961,2.7725049261168997,-2.0973236678052465,0.7815908930554635,-0.08943634144094194,-1.472668105986144,-0.11016540357144855,1.0690072555755776,-1.299877942439496,-0.7242846993223295,-0.09207577206889599,10
-1.1276825139561293,1.2005591531494755,-1.0512826339468304,1.26363934683767,-0.145278473489889,0.24355191791808264,0.8880496154592371,0.04218239495926554,-0.8853865102437348,-0.4540148849624382,-0.03201278979462736,10
-1.6277872634214474,0.9704771595662574,-1.186282428681539,1.4921360512569677,-0.7073614919805774,-0.06916200227824716,0.886018108531177,-0.09838048792760158,-1.4622735188553195,-0.28099052386785167,0.2085905883226568,10
-4.183645371104425,-0.1385605588320756,-1.2730779140772708,3.529469662791745,-0.8925722379828425,1.4648978337102776,-1.002483729554937,-0.15196049046970675,-3.214135791502913,-0.04609177517697949,-0.49530023112097343,10
-0.2996213088240355,2.6946559899738722,-1.4265275222288396,1.0295066550669922,0.517391343523745,0.28936962738278404,-0.17777020041195077,0.7213790118934587,-0.6336761992551556,-0.7648237007760315,-1.0069062082026494,10
-2.0552302236876874,1.62332071548735,-1.174373718933407,1.6961418881787582,-0.45875338036006497,1.0399571946505506,-0.5533063332819711,0.477051101432314,-1.4536424660824114,-0.6636388179213543,-1.5734590781919295,10
-3.8986467703283494,-1.624024330801511,-1.1613821668143398,0.8523360048930113,0.4956345532196491,0.4793116615596792,-1.3494472866208422,0.07589021151494521,0.8019612187108072,-0.48948468492049796,1.1459600943389652,10
-4.707329129652023,-1.8035126925020357,-0.11026628719574236,1.0885672448746793,-0.08722441812619881,0.3351090986133674,-0.034522397341339654,-1.824850004518762,-0.07670236153003038,-0.23045441947280815,0.47448590430266163,10
-1.0744283369174348,-0.7904884737696524,-0.6849568188011229,2.4371887185525916,-0.2290933748360393,1.3225294491664612,1.0096160107810592,0.6843128894862471,-0.13958982663846908,-0.2770245488774573,-0.7366531682923352,10
-2.5471836789624676,-0.15600256461528506,-1.0825893886229476,3.044935518984589,0.629214208386815,0.9896327862325139,-0.5122973168494489,0.9723711145450213,-1.6956301422189868,-0.10610206841500978,-0.7703443724855594,10
-1.8380056082760692,0.4229149955357386,-1.074947117384412,2.364194322680291,-0.5797656833620546,1.294162385436637,1.0714673365698553,0.07922670776535151,-0.45106251786767204,-0.40502397089644837,-0.49583888513739416,10
-1.5222762178742903,1.7280818083476004,-0.07848474363378946,2.4813665429862564,0.9348731255848702,1.526110219674316,-0.3747812153147107,1.3139133874733082,-1.1301787924531623,-0.20116446132277363,-0.5057086353615069,10
-0.8271906313871904,3.110658775818982,0.2748900668170647,1.6955126236288536,1.180599373620168,1.675229459187338,-0.5288697627877349,1.3901321636889834,-1.036796058891978,-0.2456873261430589,-0.09479881736930627,10
-0.5107424734257386,2.6401770398968285,-0.5573484396756728,1.5714849270104891,0.8013253164308468,0.9841001266304616,0.33753863446113913,0.8525029015782676,-0.6624078689076296,-0.30817078696956013,0.04053663551447437,10
-0.6597105622456878,2.3966467304688828,-1.4152949178603733,1.9917392411368797,0.7140237978953373,0.5368415697730455,0.998444890448312,-0.005510540727318438,0.26356335136121223,-0.7498788415188692,-0.07631614131414872,10
-0.23887234572883825,-2.4789029893013717,0.5248488624570722,0.16275258308629084,-0.7549542430538818,0.1231983177615399,-0.2797965548860607,0.6221983847415163,-0.3695361599957995,-0.15140888030486885,-0.8106623507412705,11
0.8957548402223555,-0.927662757414775,0.9306274292662879,-0.23198338638298407,-0.689467270524686,-0.8248353770128048,0.5618465379619073,0.4534930760254989,0.046951238580581235,-0.25872269057884995,0.6271619011771602,11
0.8923730432314696,-1.5116533238362133,0.9795419910934282,0.48245681657961687,0.23765227197230682,-0.07688202980055973,0.6514334507482368,0.4518341101756425,0.24808094759581806,-0.08716873130206355,0.6800930271434227,11
-0.0007611236169811625,-2.6789892894589835,0.06131305611399714,-0.13683342644353397,-0.36206719315032077,-0.04785665732868909,0.41261124137747396,0.9885355726014478,-0.23221348269487707,-0.17486406598156634,-0.08148671643287778,11
0.9300295656244884,-1.6177215048231082,1.897900585439353,0.3375964590943491,0.41005526883322824,0.9191831572787701,0.04982302210103457,-0.1447325102557241,0.20852556843702852,0.5260072261540703,-0.5464078317895971,11
0.9358215970594149,-2.360530209717676,2.3460950154858478,0.6303795787037827,0.4767394902111355,1.2084941691235869,0.14852677135429113,0.5767458836436848,0.3640614788157946,0.8783461773562132,-0.6656075864615609,11
0.8438685014246998,-1.917042259901069,2.7686374987204565,0.32181506429750384,-0.07133694604228555,1.3948169536208335,-0.16450783109552097,0.7129270226580712,0.017567604764202188,0.9017042581817868,-0.3703153256739525,11
0.950020447813822,-1.8072915573898989,2.556268932305385,0.43961570493652335,0.07455402959935244,0.9846320021890463,-0.09193893466475493,0.5971496736792782,0.23388282815357306,0.6298285421974072,-0.335373718910036,11
1.5996815776517088,-2.438714056864581,0.7393218697171791,0.23825394553316837,0.6136732240582045,-0.4018702161782367,0.2056252027393439,0.5578782290410158,-0.046586878027163825,0.36945958103072163,-0.06995379366061742,11
1.2235296461107947,-2.7824713147326134,0.6095001194187465,0.30977221711638203,0.7304496300960193,-0.4136759753406851,0.5216655366557647,1.0581706009102647,0.17746491169244727,0.36188659347666563,0.36871993983271817,11
0.29802169050692284,-2.525533418581689,0.4810588646934483,0.6707660692865728,0.8887069392532463,-0.46574340658782276,0.9922703025375644,1.4684667060524077,0.39565080284423343,-0.2645734851191136,0.8298365404120355,11
0.4400343632384926,-2.5931610197712915,-0.07602451958945163,0.052628358979995675,0.5197485700518549,-0.353545889668756,0.309858215532607,0.6074232622570404,0.05137399046767529,-0.3085935439611,0.15112298787259457,11
1.3690861298768482,-2.350937877964655,1.0098133961578166,0.28433467963813547,-0.3644975013957438,-0.3946144835484055,0.0009711726243753719,0.9602037645952524,-0.255592809523424,0.5492580058690834,0.14953000852793435,11
0.4852657775258173,-2.2463817330517943,2.1429957350527324,0.6889896227454914,0.7173792380585126,1.0487292217191635,0.0942806676828682,0.3806536972746566,0.4200074642670213,0.7965710347803466,-0.7598474800521648,11
2.2658930927949017,-0.9172044921785136,1.2014773404930559,-0.03941246997312477,0.31923477501886877,-0.25157471264703457,-1.0158503529677552,-0.8999373347815919,0.18443471767346958,0.7551188942764383,-0.6864728602828636,11
0.8930054556749278,-1.764401771967655,0.647419551500722,0.5032430442688736,0.123367237303089,-0.6347687977730222,0.6733544020393702,0.5950169101506328,0.16950652519290973,0.08149184502468916,0.4204444442748837,11
0.9437436025832602,-1.9303472424800785,0.536611936466223,0.16378780105460453,0.19744331325504588,-0.6451811909307553,0.48068112146898695,0.50501392812379,-0.07445762205516052,0.1437017625339213,0.7653223220209838,11
0.5312244965465706,-1.2388914693775048,1.5135367350348727,0.5223791816019244,-0.0029369995347679704,0.686822915397357,0.33981329451923586,-0.05063855194189169,-0.03781990810014563,1.0329804849728204,-0.4435450897863013,11
0.6303879815687767,-1.6702905814504903,1.8299272894519356,0.15707030195958743,-0.08067998559929337,0.7383982317501756,-0.003932595655992262,-0.019537845841976362,0.3899850563449751,0.3077438243373414,-0.33735190836384754,11
1.0190520404356875,-1.6577951768640715,0.23417858024440735,-0.022524412980293014,-0.20175654646025187,-0.9307211241873184,0.5748498615211168,0.35434484877465555,0.29913249208550574,0.31207944482887456,0.1178898279699012,11
-0.11527931379406195,-2.9379887540214273,-0.3774604209173673,-0.09122737003840894,0.14361105976928687,-0.49288286547940713,0.3158231447114309,1.3089368464075788,0.02651225792105007,-0.197365193319009,0.3135418093415827,11
0.4414311577592835,-1.1523118286369731,1.8326327293914906,0.16916168045569616,-0.3336312476509952,0.8693060448931633,0.22644293851749955,-0.11683763186616698,0.6759781460890406,0.16331780022739237,-0.2127334709845595,11
0.42749941546021664,-0.6807201167391027,2.0394943415687683,2.237868407132538,1.4984790625849675,-0.43251436777183994,0.7557223793531846,-0.9415615777147246,1.0580952536297048,-0.901785427739311,0.9986461348573791,12
1.037187280414897,-1.736940436930887,0.33587735249071204,0.14920012416572537,0.9967935935795434,-0.7003512537410053,0.8120302149259279,0.7934096494293607,-0.2689742463854155,1.1374081052679732,0.3909178912087526,12
0.7087465355158652,-1.9409506961269183,0.0735393746851549,0.37136462314652213,1.1317280680825152,-0.6594394238749683,0.8424057912858677,0.9290686061867662,0.12113647384686847,0.904508443239181,0.44641509051681794,12
0.2523180646264064,-2.881917673325855,0.17316104949090713,0.6604659834135327,1.4678459700915385,-0.035759895088621894,0.02035079120024052,1.321664490788403,0.3386432792217316,1.0171686219486245,-0.0398268393649281,12
1.0595073356514328,-0.6059989088803173,1.0058018789421583,-0.3645087247838305,0.22697195693799854,-0.9314856952491994,0.6378339675297567,0.6134453111200847,-0.2766645644810948,0.6343170261778452,0.3522256786087777,12
0.24912199689546208,-2.5808428393580307,0.0026371106016669266,0.5958028980641261,1.4559395088189602,-0.699389030561145,1.1559448460775958,0.7640047886893228,-0.2601733720257757,0.6588061348199408,0.2623810371670182,12
0.28112621330271076,-1.1374853696575185,1.2740072320676918,-0.7435965018952435,0.01992104469324569,-0.5470441610677628,0.20632529535804264,1.0673081849979826,0.5653721617913086,0.6232762004621625,-0.46304342025519507,12
0.24905095500974514,-2.477935003145351,0.25203108285366693,0.7443615442496904,1.390369111594384,-0.6468824652621358,0.6935994923144259,0.9372437179941376,-0.27580602535295506,0.8200316225171747,0.17658459166386437,12
0.37274454949453906,-2.6073535419691285,0.37592683159201506,0.9223651076864448,1.3952316291708342,-0.7064008170345055,0.9913893049834029,1.088506876675808,-0.25674416694011254,0.9386406734719785,0.3521595916367145,12
-0.38201097814989793,-3.0650158511509003,-0.08123777072460696,0.45927619242566275,1.2136035501667746,-0.6614968948735169,0.6390126815973525,0.9575091167673926,-0.34339352957519154,0.6899921252766712,-0.28991581503293834,12
0.9503574586717879,-1.8316593340709793,0.33776351250726305,0.5774125515694832,0.8224718013219093,-0.37169926124512065,0.4880529895583063,0.6135512608698473,0.7488474863472397,0.9555887909401949,-0.014382597158901687,12
1.0726934019375602,-2.0504548540917606,-0.20541352064197727,-0.635929184246424,0.2566478314766818,-0.9311293739881221,0.1586339190796782,0.10401023907758294,0.2393201541018404,0.706779498089493,-0.44137383028298666,12
0.7576490719411669,-1.9667094948410189,-0.04001772697739478,0.37085885484394326,0.5475119356286061,-0.7331962898367965,0.6278359113515433,0.5311437362432802,0.5083494433931514,1.1446152727768915,0.07698112534870204,12
1.2551869055216462,-1.5297232235066032,0.40970992566793923,0.22550361647235778,0.3630930779020608,-0.20307578869867612,0.32211448916308794,0.09636121384569277,0.6761846600534948,0.9370669780040115,0.010261678538666875,12
-0.11454927447026483,-2.951072094183417,0.3338376963707165,0.7178152492983181,1.355665926183393,-0.16098520097632654,0.16016241140019322,0.7058479866654689,0.6118664876306978,0.7301153600695349,-0.5606968415485553,12
0.5186679748439283,-2.690833944410954,-0.2841546336376965,0.569054587300458,1.1743799505007275,-0.9282653856962539,0.04011997169840738,0.7340263263251501,0.1795203879260541,0.5370342581395579,0.05697675865926721,12
0.944704317656253,-1.9626958236578307,-0.14234497648745947,-0.6197209578589505,0.11644394465188257,-0.7817634883665391,0.1638395939519677,0.07804774480866605,0.278820510467131,0.8576477170359628,-0.3829981993623464,12
1.8471395605570708,-1.4158558325414223,1.1046261096090695,1.4105706154121456,1.5755066131069964,-0.38890236795728667,-0.3235773889812084,-0.5793923536681845,0.6274698934631775,0.6349015963127684,-0.4971983047168485,12
1.356551574642546,-1.734812382292162,0.5944383500266016,0.7466548578116663,0.8377632365805006,-0.4075265848904366,0.07870680935968598,-0.69686836093898,0.47775544996258745,0.7280870717098792,-0.4581458685962114,12
0.41035135237583575,-1.971862721117795,-0.06464642307288322,0.21343970266847878,0.4638652900882028,-0.5932056622998356,0.22746138677170596,0.14306597844506008,0.14708742037200592,0.7719216252657506,-0.04382028633469902,12
0.9925524654997997,-1.8877276671797047,1.0007558075020018,0.7687990237840512,0.9322776474871288,-0.2977516518112696,0.6998322784657072,0.5226610549036294,0.18792825147082595,0.515686104347065,0.6240836717882176,12
0.9467109508943428,-1.930919498393737,0.8535444807319704,0.7070654607697412,0.6663034076343762,-0.4814913687051712,0.5997840728378728,0.2376295299463536,0.3189158936479673,0.631950204970244,0.41410239148648476,12
0.8358420354752137,-1.1742784065232974,0.6507352610671818,-0.1368617447864836,0.38642105864918674,-0.4904943701273178,0.6617710626572693,0.643022728802957,-0.07296602008657888,0.9358171344185796,0.22242793128902838,12
0.7354340909599395,-0.9840305254922653,0.5345301693506211,-0.13889265048194716,0.4713283734907734,-0.5498268625890198,0.6775736836769373,0.4832469370562847,-0.02837968425067692,0.7572753712985325,0.3257859448941708,12
3.537938692836423,-0.3156565444478424,-0.18125040556680017,0.6303596256811614,-0.7926697365407087,-1.3502184164912028,0.3521409285629151,-0.13851033527683773,-0.037918555826868615,0.15578152268932924,0.4277358593422803,13
3.599349789225255,0.052552060181845925,0.31462991411366015,0.5948357751216458,-1.1476143060146837,0.693825597640392,0.618836196711792,-0.6591467702551268,0.8307682676427756,0.4464756198409095,-0.11397263064826103,13
4.04417189149129,0.7515662061670899,-0.15688588516077542,1.0753422680294873,-0.3016537995322507,0.01726299521795746,-0.048552970726682194,-0.8787858451574423,0.8221319739067634,0.4198300833074804,0.1519953287655705,13
4.103730771298971,0.7545702224235723,-0.7597513561205673,0.8621159357151941,-0.17565147642867282,-0.2720912270516489,-0.6404533845441016,-0.47839356356636986,0.7517534854247028,0.5314489943775235,0.09791967986671457,13
4.182687927397218,0.7250806233103364,-0.6129383082855959,0.8127041498751119,-0.21874088721611784,-0.2814764153130171,-0.5415007524055994,-0.5278803508910669,0.5270482489363784,0.5224455855381095,0.08152347683462051,13
4.214018473829034,0.7977494517212866,-0.8504329837954978,0.9222992859484389,-0.2522097238988495,-0.28872281954231366,-0.792925675870743,-0.215616671657257,0.5298211551067565,0.5547274650526504,0.17321924474258232,13
4.1459920754019235,0.7385357667780539,-0.7638776570167924,0.905776555551166,-0.2642793378246044,-0.14179145783224967,-0.7240031176954556,-0.16738521866575215,0.5988729300049219,0.47653986835933415,0.2802000076169929,13
4.274192545673135,0.2786798483221318,-0.7947792622820579,0.8425956972375942,-0.2358687788409675,-1.2579426740291624,-1.1022961129320148,-0.2620875832111529,0.11514388121182108,0.10461872945900536,0.8711656914183382,13
3.985447785174388,0.6933073178877133,-0.4530762905642351,0.6989279417791194,-0.15931456999194685,-0.2234048796331317,-0.5190721362456986,-0.5029044664221385,0.6102376438791113,0.3699382419975898,-0.14416837719101638,13
3.9912979217829956,0.7078743087981351,-0.669932225915706,0.8904963802969644,-0.23058929755398333,-0.1565264800876446,-0.9987329696776325,-0.48473034448641816,0.448880995677726,0.51529954501995,0.003169809988659738,13
4.394767568924916,0.6705036954596103,-0.7734054161426371,0.9740903219325262,0.07650091876218137,-0.620569453970068,-0.49583970391105914,-0.8555298331393231,0.6716686821258946,0.3795462743868983,0.1767264926488859,13
3.7512616560296275,0.6762777990641475,-0.7535546659341356,1.21085475649317,-0.12314587575189066,-0.4486387292574909,-0.4914576386998995,-0.5962846027415966,0.7357279142075286,0.4323098938876013,0.23579422118692658,13
4.238736690762446,0.39407637824437136,-0.3108848819511298,0.7242793322431367,-0.13167533938409276,-0.8144344955471724,-0.40379286015175775,-1.1768223544513814,0.39247509062999014,0.21898104454458506,0.11580409650828823,13
3.6319227033166723,0.8117755986651972,-0.6677693353090258,1.2880789011161533,-0.13497129566480445,-0.341844081247313,-1.2616297992754304,0.1676505956190325,0.41696346043666505,0.4800870375065291,0.5865669045510613,13
3.327962177705951,0.7582584643613637,-0.18357232850450755,1.3928912560825386,-0.13011653464107303,-0.34212377073417716,-0.7012209033508755,-0.1505206339921141,0.8482387848089045,-0.04524874018304386,0.929629001373923,13
3.6547066788635223,0.6570662558288736,-0.5969180455545549,1.2247973646765349,-0.28732421363239197,-0.7358213811395965,-0.8570453708583519,-0.19994965141434326,0.49959171443807515,0.11902035221607471,0.8859484371346573,13
4.012025549450608,0.031639983525044,-1.2858882362449078,1.1232810569810794,-0.035487441171179725,-1.8170409920689963,-1.0214364174051962,0.01861293555132964,-0.056022189127538764,-0.005414173725039053,1.1684992029389247,13
3.594078214228214,0.2994524344366399,-0.7650857107377562,1.1557019085048044,-0.02932842697578062,-0.7365982903155706,-1.2136361706435086,-0.10222094870774594,0.0983693310130431,0.34403260485413895,0.5438438929514386,13
3.428289693109469,1.0867517326058656,-0.7201588025109936,1.1571522430030508,-0.42576295396905967,-0.0934297132550259,-1.5258148404381904,0.36152503335836533,-0.02036565426460612,0.8846372464144946,0.45219145465215416,13
3.9813743852545254,0.36193917442070445,-0.3751882104159383,0.9817167406296604,-0.042378891783597154,-0.5796301370129613,-0.2946007807897577,-0.4050480593108353,0.6251647435271758,0.19051010557549497,0.4112488292531017,13
3.33204128839632,0.9578728947914459,-0.6580964401943165,1.2873250554820488,-0.16325644500434652,-0.3585209846836692,-1.0157054401211776,0.13342673355053136,0.540247689568453,0.38838546225330484,0.5846668651369166,13
3.841853077145837,0.10781279829406916,0.008641508688792354,0.7439186731300942,-0.6847418302203566,-0.8156720005502905,-0.12014692746623629,-0.3692942981996688,0.3508767059417975,-0.08842228281674493,0.9376003634150737,13
3.82587611601512,0.3281002871154777,-0.6672294500869709,0.9867829883358419,-0.23935496932574887,-0.6519932541296423,-0.4592928258893594,-0.2819854586051297,0.5595016631478384,0.2701069448541142,0.34695598068991784,13
-0.1320782406387883,1.1283050551316094,1.9600000327378213,0.00046279923121807844,0.0303923847440396,-2.378506107481112,0.2933249953358079,1.2859141475410618,-0.14166622840261045,-0.5810123761541699,-0.39818156136578337,14
-1.010662814430902,0.39101919153456083,2.5426174147907,1.2864258961708714,1.349899512789246,-0.9211885718690838,0.2825616795895153,-0.42104212985109324,0.4141167890971381,-0.574503159759311,-0.819593419543627,14
-0.10301219016284385,1.409550907793029,2.1731105490199547,-0.11961496086204752,0.02140721780420563,-2.4798781153975873,0.4036490077893669,1.3866776103638445,-0.06714366079184489,-0.6268828266003403,-0.4627298253904321,14
-2.5429570348367947,0.4844238434231004,1.8171281603456182,2.5166392293731863,2.0894790477562646,-0.3454635347537682,-1.024373487929528,-1.6687725387774606,0.5080601995395194,-0.5123051417954501,0.2694959066457561,14
-0.9428172825061523,2.0333523355190053,3.2192817425522366,0.360634422851256,-0.18642084668285577,-0.7636412735063368,-0.14406122528806595,0.988481194290353,-0.1488604623484327,-0.5266062934444924,-0.4085149989430819,14
-0.38680844209162857,1.6446927900920665,2.0729637409717023,0.49555955165307053,0.7176827546977034,-2.268992781667834,-0.3732751598668282,0.40945331273475577,-0.16823750117771905,-0.23851807773722755,-0.9262097329016012,14
-1.268383310045389,1.367848224631881,2.6503525578307032,0.8961259763554354,0.4205060735203419,-0.9372297537791494,-0.3054134930032823,0.3883748778003587,-0.04815621397999849,-0.367257454391628,-0.5603528334412389,14
-1.123940457312149,1.9773381032807298,2.5412494001078607,1.180103487718695,1.3215657472376472,-1.6838480162826601,-0.6192735018157313,-0.7433310952153578,0.26848173074446036,-0.18514859892073812,-1.0788938412641764,14
-2.597586575169165,1.6038935407601111,2.391125322444358,1.6339016558433563,0.4188460492599705,-0.4282520486871839,-0.4693791594980617,-1.6619533363565857,0.3956622046935074,-0.6865309805658844,-0.20879997031789163,14
-0.6816316114857218,2.0743160487397376,1.9865702046248601,0.5832574853926169,0.2796261613837976,-2.033413157176492,-0.30059651969870715,0.7098359659821352,-0.23049230631793668,-0.558895686004835,-0.2412258055026107,14
-1.8251310805387395,1.4438442661913986,3.086998061525544,0.988973114328588,0.2696849496083319,-0.2445877357177837,0.15170812243554627,-0.12488323082363383,-0.049562755069901036,-0.5012921082278715,-0.36686449636068424,14
-0.4498764371369906,1.6767489561586086,3.283188566396405,-0.012455514109358263,-0.3029215555800979,-0.7103248600939922,-0.07734124003691416,1.2603075477323795,-0.0262810225018181,-0.32652507145190307,-0.8961872710014552,14
-3.0173792679424607,2.2078948064218133,2.2547827532281257,-0.8936306712543112,-1.4554799604152933,-2.1975355118721502,-0.49866588987757704,-0.8837916866056869,1.8068208813585376,-0.3238477856148875,0.15764375911573542,14
-0.3275550530794284,1.8514562057005821,3.326300751787047,-0.16864033828579503,-0.18604424739324704,-1.0268467763575855,-0.05863907187200843,1.3280239856709597,-0.029307608254123662,-0.4390445218977618,-0.9206497738542756,14
-0.38909622390239984,1.67648862549017,3.3735538476774147,-0.12526594538811558,-0.3350531262878975,-0.9174702215909215,-0.08251797179263565,1.4825220377194581,-0.08380479431925913,-0.34813502219746784,-1.0813785795750086,14
-0.42341057098456036,1.7349016143176272,3.291408868547912,-0.19308385366186226,-0.41133124974549806,-1.011887647224215,0.07216117005283146,1.1319169855062698,-0.09424563893718056,-0.40013339457181085,-1.005129998022182,14
-0.9096583408682545,1.2759931479409152,1.580190715512823,0.5834141424971463,-0.11390761946005097,-2.3547063122753245,0.892631593555634,0.6916725892036176,-0.06641640580613681,-0.2540721430789368,-0.09670473202439078,14
-0.5288361031243979,1.8049153108488258,2.3412774654481714,-0.0365744440063912,0.6222296374140178,-2.104045140103911,0.046430608060528795,0.1944103529065699,0.08475433084214926,0.039029479799758876,-1.626758166181581,14
-0.6293844607022759,1.0718058777329178,2.910484744330927,0.3578836211584729,-0.014003112144102202,-1.087061888626247,0.6794086376826333,0.6240354018846065,-0.0661700125168647,-0.4325144797647076,-0.1695588828030635,14
-1.5783008983397093,2.2189773168755336,2.7176976890554947,0.8983911214733099,-0.005564699515812143,-1.1655415045520776,-0.192729595635262,0.3719495755832594,-0.441723206867482,-0.15248972397641336,-0.4926575943929587,14
-0.19077092109081228,1.7288790381671428,1.8873760505165,0.16622606894482395,1.2033047183276775,-2.4376957561568835,-0.044905827360045406,0.18886900345289948,0.11868727373366277,-0.1880303593406313,-1.4061822345664097,14
-0.4424603582172373,2.6334852228429035,2.799091898404834,-1.0256979133912052,-0.054935476496076406,-2.5701924242530247,0.3731429212601785,0.15234388132163537,0.027329409874635575,-0.04394095007429063,-1.79556978906037,14
-1.8952959655913875,1.5277389559354075,2.8885418234800393,0.2018312271649096,-0.10879594585112175,-1.144554951396788,0.7545871295130309,0.02284671867041508,0.44712524871247356,-0.39981140381150687,-0.7778754418106043,14
-2.1022517533674305,1.905101165766715,2.7826978332253813,0.012946615920370793,-0.5784335163384071,-1.387364656294463,0.5359752337728332,-0.08124256319125735,0.36708665849454913,-0.05128943701849492,-0.5967016509060868,14
0.8173102954482814,0.6337262247582081,-1.0789676295247468,0.2698760649187037,0.4980104236776218,0.956215065126713,0.1330222924167998,0.5159474757570416,-0.1962724926529132,-0.6585112680751124,0.753941631347798,15
0.9036717840985588,0.8204379997259691,-1.268779504630894,-0.016265517792592207,0.49329967024100047,0.9936707504651067,0.4888802736273596,0.314680947250997,-0.1815968419044747,-0.5645435124664558,0.7000061517143755,15
1.711531975545811,0.6580774546222042,-1.5781178556062823,-0.8631121029425882,0.5659607162214907,-0.1745125190564218,0.573123860801667,-0.38657928221964943,-0.6453409508540993,-0.8669763487651964,0.07499991783306584,15
1.608862659456228,1.167452936110871,-2.246776226426265,-0.5127927295353636,0.6612316905725015,0.07731507511526048,-0.031419944747934386,-0.1376283944779232,-0.19436030507292418,-0.5532969697475224,0.16112820996849148,15
0.4375677903793764,-0.4245064812304132,-1.4931735045837917,0.2803302925162024,-0.5230629215024024,1.6889272877861838,1.8217481129573652,0.12849725043472426,0.7956959623705702,-0.3928028522149062,-0.2029064912696299,15
1.501377641458115,-0.17214902839505347,-1.5169278757383338,-0.9358442121309908,0.3081352905145641,-0.26449067985468816,0.8920253149854345,-0.6922850935833765,-0.06992302716299921,-1.193709094056814,-0.1379023219413008,15
0.32250052429829634,-0.6190089870246432,-1.485836169861952,0.6100574021329938,-0.5090584624204176,1.8263666527523168,1.8023271557877503,0.19761461255168916,0.8037628332575149,-0.20948565738963065,-0.2591682054528722,15
0.2538008586560866,-0.29804570275524694,-1.5434056167816044,0.3856876521597995,-0.6671612603872993,1.8154116739917676,1.7935287567769727,0.01089308670290377,0.833357637464727,-0.3958374006406632,-0.28711416547865976,15
0.4480607245492528,-0.05966975055428294,-1.4487354433535595,0.16627124830474888,-0.532514385305785,1.581611612635514,1.9386703417805666,-0.18098582164470434,0.8551660516682861,-0.5048814606896097,-0.11744274620880266,15
0.2829211272895986,-0.07287627048527955,-1.618806814572374,0.15274772562553607,-0.5232717873150879,1.5206692632746102,1.8392198351793643,-0.05665201429399578,0.8346980835650423,-0.5940254748089573,-0.0992458388250233,15
0.5969390440869604,-0.4535129988376244,-0.9546852238350232,-0.3846584887382044,-0.31568542028895125,0.3597095331701988,0.9467437230304245,-0.5029017080108988,-0.772420430529693,-1.0644142202666667,0.10740213702653974,15
0.8503078960608991,0.5864511879140673,-0.748321517063439,-0.9328449316203914,1.037606850808364,-0.41639282380044174,1.505986576296317,-0.8595714830697849,-1.057633553475135,-1.390080791987536,0.7670500585988665,15
1.5944445888872787,0.49235118161095726,-1.3047497312404226,-0.8450140222004904,0.5671758690247194,0.3164503012893612,0.2685409049408524,-0.1644465569137422,-0.3713609456228942,-0.7144314578849632,-0.291998163643715,15
1.1642418915183645,0.0156116328262341,-1.6162610314018573,-0.8146180020799002,0.4684877466833849,0.0027094230444484266,0.7886855901561239,-0.6085258712278767,-0.793806720240557,-0.1274044225276285,-0.40817315364102946,15
0.9474586332343203,-0.14254260012031877,-1.4651690692769763,-0.35276684406209513,0.33845832392232394,0.6146069167005112,0.30481321501396824,-0.19760787421349463,-0.6413656703534092,0.20791323696434422,-0.5804423760472552,15
0.5390817215559074,-0.2673983417580841,-1.2966651443573645,-1.1238915495901314,0.5504278058558959,0.4178818916807292,0.8941227361533284,-1.007202616281087,-0.6421314226667227,-1.24856699057793,-0.761415017178937,15
0.7117953395102689,-0.44296728543697683,-1.877409069059895,-0.2578561721360732,0.5519433978248134,0.3062020023328604,0.6455479060126196,-0.26252593434229327,-0.4771729725988686,-0.6052712084942208,-0.3668885262524782,15
0.9422960314898622,0.499642799440587,-1.0771532938329786,-0.6446417242612488,0.34181381832390784,1.383443477231984,0.8603128289999521,0.02834057851073637,-0.004698377663280665,-0.13579681465104634,-0.24259059208840855,15
1.160705061105408,0.4814717643922458,-1.41540666378995,-0.4641839599841418,0.6791930073034067,0.9698593593333894,0.7359486876909895,-0.058833246459624546,-0.08071408162588965,-0.37411738442642317,-0.0865844713302845,15
-2.917831535721436,-0.03881682265536145,1.0130590966515862,-2.3036845913432065,-0.7801161362561203,0.4492324714551592,-0.010731280040719198,-0.21796181391379454,0.1307714856727738,0.27354371605621536,0.2688702638882714,16
-3.154837922385524,-0.14469658891944784,0.6610803429830632,-2.5137498496023083,-1.063431329339406,0.8556329512433847,-0.4398939084311637,-0.5653260179418502,0.20818045546213731,-0.5481537471564966,0.12678679758114117,16
-1.5572758030568723,0.3102374716563061,1.9478498816884031,-2.9331193455679188,0.14927531101784505,1.9387805177140118,0.024772701786750725,0.7646163853245744,-0.3675734971063397,0.5059738008274284,-0.04482506931706609,16
-3.1878330229323204,-0.1443311095244271,0.6987544500504048,-2.179242209524283,-0.48518577915596267,0.04597243915121483,-0.0010696020918589877,-0.8055805766740579,-0.015108491002749294,-0.060872225224089416,0.3961072034051742,16
-0.9591325697423588,-0.10412375160135445,1.8106769190835437,-2.529219193094742,0.054685001442185084,1.5653725218479533,0.09581494400465354,0.8459777858344648,-0.4994834582375516,0.8084423653885626,-0.04267093421749057,16
-1.4304060031386405,0.4267528905729706,1.916662877304115,-2.8838023132890176,0.26334618996606035,1.859659400917254,0.04222517764406969,0.49789240786606853,-0.44683616139638216,0.6798787493540268,-0.11534508168600453,16
-0.6508058356746388,0.3195349176743065,1.7206118380937792,-2.731063091701966,0.2779988012961728,1.343077363470915,0.3795477511548755,0.5262474654790872,-0.33674936423495694,0.6457079665640221,-0.10932045607416516,16
-1.0938286777250257,0.5894027934832001,2.1107896431358393,-3.1439405578493003,0.31527719209964283,1.7225940925932453,0.12130761916567015,0.5176736680928038,-0.43729796934556514,0.7229558393153266,-0.1785797789991354,16
-1.0478976440971675,1.4470271467223854,2.655289263582456,-3.466447689338582,0.04537636115875007,1.8763914271832292,0.21449398067796008,0.7512446311688971,-0.6653518650359131,0.7946551661022657,0.1139322502293683,16
-0.8198021846148187,0.8890554467238531,1.9833118366202065,-3.442625974298923,0.3591985182424234,1.2534849741091922,0.22823809015427862,0.7841307178325612,-0.44995610465347724,0.7532926485027472,-0.03836575387061396,16
-3.381394186603227,-0.2549667019679281,0.10148446107902871,-2.300510250943348,-0.20304152825930918,-0.32595237764343543,-0.5736596508635268,-0.9543627661240397,0.366907402808615,-0.459409750473084,0.32312166586771934,16
-2.301006429153313,-0.4756688086373613,1.173660622073336,-1.7460476370958424,0.07664636197823209,1.2075464948363048,-0.18733687775576358,-0.16568208095504233,0.1997148112469361,0.5765419161346821,-0.15736451425960005,16
-1.399388538399686,0.46422534748248373,1.1152993134127223,-1.680614829039682,0.4469640850251456,0.9462186756330773,-0.18444948104447395,-0.785723737428167,-0.3100026955450763,-0.12029371306265756,0.1276612558974242,16
-1.7186929768087251,0.39714430566550185,1.2582541287990532,-1.8771694244154784,0.4499464554824141,0.7119988320738355,-0.2549162999186627,-0.9936027625235826,0.08017210692709001,-0.28743732201560007,0.07477427343214832,16
-2.3788097139654556,0.11462957791338499,1.4117736970480068,-1.836936966798029,-0.0637259780482963,0.8505906037737115,-0.30309369996777086,-0.8289676267266739,0.3715428283133224,-0.11118661011414895,-0.05639109338898637,16
-1.6730642319984064,0.3205266837745813,1.2086092365358891,-1.9986992839004147,0.33297042533612287,0.7696410181437288,-0.4428928070770027,-0.9157069674682207,0.04344781276633593,-0.2136752277170324,0.009086830329731498,16
-2.3198909671341212,0.10021042613991209,0.7313612250366627,-2.023905893757887,0.650524057079919,0.24318810886809053,-0.7131169848474933,-0.629445389214334,0.13029920103001993,0.05054173713500311,0.14217189470192781,16
-1.9340474241872336,0.23014127169885198,0.29827080915245363,-1.828763047428965,0.9602420606644945,-0.2010058505511375,-0.7548618451376733,-0.37726973126867386,-0.07617084244780806,-0.02190860088524249,0.5221051563430261,16
-0.6901529685473167,1.6384236220871957,0.5893089480744075,-3.280383174016759,0.5251137314057105,0.6153273885815,-0.01924312481627104,-0.737737404937549,0.08314486587544642,-0.2741638260582442,0.3110204663406095,16
-0.30782087312807704,1.3253717216620264,0.6810638695819516,-3.12883294271762,0.28696235071045023,0.8824860934417342,-0.2669847982313358,-0.14036113941508058,-0.4173627296595818,0.8633821488899807,-0.12576418744717807,16
-1.9904633274239498,0.6276679846987246,0.8380593953469568,-2.132222451431361,0.2986849645080875,0.4172739547959003,-0.015082019708073829,-0.8716635608251014,-0.26030367965408613,-0.9542629193843992,0.8182846331465423,16
-1.9873675198396863,1.2213277691079776,1.265818632129801,-2.557083223930997,0.14912795169888127,1.2221376507367467,-0.03113974587187124,-1.1395963792174113,-0.053306483960027636,-0.3953437225086385,0.41439929672691755,16
-1.0836671766360249,1.4395179093374797,1.3637757071284977,-2.821543237964036,0.07859567520104994,0.9636883109725598,0.21206709427971676,-0.5320616215079389,-0.2841392753667363,-0.3151913533556699,0.7213599660662798,16
-2.2631764241899557,0.5721548572055154,1.0502133000592186,-2.7914590422012813,-0.04520067832888705,1.2064022581465732,-0.7272689459165478,0.13478732369619195,-0.43224048435220125,-0.34657773720573143,0.34207616895320053,16
-1.1877474879781156,0.9633706209076187,1.4615721063330893,-2.9294973061179297,-0.19325919523464027,1.2116282888457803,0.09600937752715508,-0.10603022472539309,-0.5877020296460443,-0.37826691382102007,0.35929393777762675,16
-1.8317308233639396,-0.09580868602980142,0.32429493124668674,-1.459430781902008,0.1357650710968116,0.645407219788147,0.22052008808436005,-0.49213372252377896,0.5085558904589952,-0.24239902913147923,-0.03652259668704936,17
-4.511402879954782,-1.2964687942207032,-0.1273152026415309,0.06534942554955828,-1.1599532421921692,-0.6019731614641437,0.9937293350382331,0.13531650451275065,-0.27421657841819985,0.2631989429952293,0.16615402279549998,17
-2.698626923631975,-1.3932772394962614,-0.30494436718248236,-0.9200683156396232,-0.6354889236251889,-0.058595085230891464,0.124429461438503,0.620476043195473,0.4240775615813196,-0.3110337503973386,0.5790427384375445,17
-2.69685562163907,-1.205768765702606,-0.19320796090280845,-1.2474668672808837,-1.1467682561001327,0.05543705725737985,-0.14995160152607273,0.2618175064707982,0.546587579032955,-0.6430925019647972,0.26544780531671136,17
-2.7821080258524855,-1.3655181910498382,-0.06199153285448672,-0.9203141549259768,-0.935381418196777,-0.12772941261037354,-0.06793265692646563,0.3446924883661165,0.6905814689176134,-0.548028809131697,0.42974124346025705,17
-2.9873110913309375,-1.9710005442764118,-0.5995051008767951,-0.4734812863633733,-0.9418489407296131,-0.35734400134444144,-0.5143950919963628,0.3457917754661814,0.6340253573578968,-0.6891327272846638,0.06400049808529411,17
-2.127211249193128,-1.4451206602971816,-0.10830032591890308,-1.2185582525839922,-0.3615115133051472,-0.7375131705175176,0.07384048241922189,0.6917645286038016,0.46368311111613264,0.0049854412942479595,0.2651478553659116,17
-2.490736131405719,-0.6831335178880916,0.3792024769112813,-1.1324907151205703,-1.17404457339802,0.5297066465391277,0.07620138805392307,-0.4157672073676042,0.5699454294833939,-0.7920422836790767,0.2367458025601356,17
-2.752490319942125,-0.6340663032969116,0.4825357852245604,-1.4123492262878903,-0.8846251923604288,1.0171193069027593,-0.128425487636637,-0.132188005801085,0.5818743265590823,-0.6265278064863345,0.06454932783657749,17
-2.685843184257288,-0.6800522179059895,0.32787414897537703,-1.1932407707554173,-1.3444858448269728,-0.09241924731883898,-0.031445310144610834,-0.2637136107975322,0.688641056362044,-0.8153503334791108,-0.4151882569598302,17
-2.734982963734552,0.3530460620737681,0.4899730410488884,-1.4690805905680693,-1.1171828754301074,0.3218498586237777,-0.5514043457026283,-0.6789765398323887,-0.01996108154692954,-0.2898215563753721,-0.9925342981511404,17
-1.9487946447341673,-0.6393354335153898,0.22575269198663786,-0.7341684127768618,-1.7690593279334257,-0.25163734003832333,-0.2416602978597885,-0.8158517252267417,0.011275628931090891,-1.2943028798991618,-0.5755346300769374,17
-2.453443724927077,-1.0747038150245303,0.1551636586431976,-1.5243140944388376,-0.20939442535945063,-0.41554157629230515,-0.06001126006694951,-0.16923479412553025,0.12048378863399035,0.04240606060144795,-0.14218276491896836,17
-2.531101249909264,-1.3144620659959756,-0.21677880872570218,-1.212322953258565,-0.7940019462065588,-0.8750630890712995,0.12877045902916054,0.6119472645316627,0.14395779116869215,0.006459117751593291,0.3010873038979284,17
-2.145408295864122,-1.5017943845852306,-0.42957287127983923,-1.2858073206430132,-0.5431706899530424,-0.8640645132273292,-0.047033879390919166,0.4156406487324403,0.536210582103034,-0.3244468582188181,0.14957439743158119,17
-2.9324781414127394,-0.7097081562513996,0.11914709550733091,-1.2134850014880378,-1.1952167805354292,-0.3416282080761491,0.11990392379505822,0.3430828615455526,0.23031575848297786,0.14996674488033915,0.4048134506926903,17
-3.1603369499568754,-2.4418770304720274,-0.6057032067857144,0.33190699739225854,-0.5690208728642383,-0.9838230764987334,0.5445929853280684,1.3146248338506765,0.9431749788853749,0.08609584598460199,-0.005612738928415815,17
-2.570813070389375,-1.0941580173177297,-0.20323330623937338,-1.0421285993724168,-0.26526913005446723,-0.4063122147303387,0.14103154794232522,0.6698976392456416,0.8677351345158254,-0.6361030780243868,0.4754692806249484,17
-4.18822950531287,-1.2581803903660387,0.06464589502102043,-0.4868511451658831,-1.0297252435161919,-0.09058061907512703,0.2910826107767081,0.8660412935000141,0.7919654053160684,-0.2737538092348177,0.58909305702213,17
-2.7703607170328595,-2.002357399900753,0.13341743734830694,-0.9877535546704823,0.13495829687948868,-0.26849046126500825,0.4339267896158978,0.4951785610601841,-0.15166850001515722,0.5035712384686689,-0.06468388017339148,17
1.5525586186777995,-1.199112316758205,-1.8312089482099358,-0.513971076976775,1.5331473289996904,-1.18828736914191,-0.30985489955190615,0.1003410653050594,-1.1934007976658896,-0.6898092792515284,-0.15159786744178652,18
1.4431573972871776,1.7267458856282216,-1.744717142044503,-0.5868692571761889,1.0559597684452753,1.0643769040292035,-1.1775116120749225,0.3500212530152451,-0.665695715598667,-0.32739748452858275,-0.08092808476198446,18
1.627200990740269,0.8857711157142119,-1.9013452070270984,-1.5075569224047745,0.8071806273667426,0.1947891609118043,0.24126294726665293,-0.2819527592250274,-0.6714897058479726,-0.22922622476699125,-0.27794337821584286,18
1.6277221405856395,-0.5517614592665884,-1.865216688509783,-0.7805640525778276,1.6089679168209123,-0.988207899750969,-0.6362968150533845,0.2270042878761449,-1.2357121621560683,-0.7602137696827911,-0.09569361500416226,18
1.2993083973989936,-0.44915189195724325,-1.8052846406574605,-0.8609965052375482,-0.18280546938815742,0.04654042404796364,0.8526312287416893,-0.28226270349792,-0.5026701434817795,-0.42809729038116534,-0.23418003538869323,18
1.647447913999504,-0.27538609255737007,-1.9261149722084878,-0.7680376490117671,1.762778603373036,-0.9461489224831985,-0.7716109939250103,0.14843178731528817,-1.1706459231743676,-0.7517561080898675,-0.030435568710121288,18
1.5479774499093943,-0.5327730815852629,-1.666224413917724,-0.6607093618444793,1.4763617095757997,-0.8386744464000806,-0.6019947664696059,0.30276359017589866,-1.1200789603037555,-0.7394537509109388,-0.1257351876039524,18
0.5992819845275412,1.8868989846763036,-1.3596507510196398,0.55864491143286,1.016264762492878,1.721699664916002,-2.058110920963353,0.6585164278227756,-0.21169855009390962,-0.9141663339688024,0.32002708423118914,18
1.9311014215134903,-0.595442942151784,-2.3182534397810897,-0.7810199772637146,1.7269535596551593,-1.5292168008940006,-0.5853177022172825,0.3221497595982188,-1.284160488860592,-0.8470052084575439,0.30343253424489325,18
1.6495141398197106,-0.42593207227535523,-1.920823920065717,-0.6533035152498405,1.7252853152244987,-0.8949345959706142,-0.9697843606900602,0.1931413686503083,-1.25329130173137,-0.65383857026765,-0.2076530585930028,18
1.8024501688035484,0.07766045996559448,-2.0766212859602495,-0.7963104544494176,1.7374927609978923,-0.8647068514915801,-1.0533007012621394,0.3019910130083651,-1.2548895251934733,-0.6067792352746074,0.00215983248497303,18
1.8491968634329086,1.5150178562370162,-1.7982756355983673,-0.5127551614860076,0.9367591250543906,0.5707559286542688,0.3879697362853249,0.05920283290441819,0.04346260746162043,-0.7754722170550488,0.36489605775070283,18
1.7306535181669451,1.5156902550629263,-1.5610283912615421,-0.3618142192853915,0.8414409028484016,0.713504186730121,0.586590674875099,-0.03692703611816975,0.042127062558755736,-0.701961714916796,0.2667581795255164,18
0.6903121303254025,2.207357671763271,-1.40981731451271,0.36689620741814916,1.298977340411389,1.8540688937444996,-1.8388507410842168,0.8014335130557982,-0.2575749286463396,-0.7615644740787525,0.41876465077931563,18
0.7168549349840542,1.6719341941856445,-1.1611947146337835,0.19848197264392284,0.7444743688281928,2.048900950349013,-0.5230192776173981,0.9829247135266292,-0.16988934921738036,-0.6448707730448571,0.8134305034961492,18
1.646433996242204,-0.9531002260179353,-0.7710379461434722,-0.8935502103048966,-0.021205718791162106,-0.011898612841866947,0.6919935439798933,0.23239660704400478,-0.7450640890792944,-0.6592538635296002,-0.2141311317709972,18
1.678128549133355,-0.21957093567798225,-0.008178257740926266,-0.9160084447788064,0.01253758401444061,0.30617613270256006,0.30157964529120723,0.2297283957756305,-0.6684918941809449,-1.1655502530099562,0.36425287257013744,18
1.43739768602254,-0.9415977335691963,-0.5319644962329086,-1.0064839447762646,-0.34976612562674136,0.1978864213734289,0.4822139450707268,0.48114862694810273,-1.0628076721316095,-0.8220771116875043,-0.04656645896196085,18
1.316519030678656,-1.0096260371014754,-0.5524831213290917,-0.8055387880676443,-0.40906532763447184,0.2915846735106651,0.6938896204409097,0.19952103745549668,-1.0284230884899868,-0.7966216002958737,-0.13840193810526438,18
0.31577014976894163,-1.0090319578708258,-0.21356204723809508,-0.30888581775907653,-0.8158526316612358,1.147152116648653,0.5427184360017576,0.41052764834889055,-0.9240629325516989,-0.7643728449015526,-0.08798861979290915,18
