THUMB_MCP_angle,INDEX_MCP_angle,MIDDLE_MCP_angle,RING_MCP_angle,PINKY_MCP_angle,INDEX_PIP_angle,MIDDLE_PIP_angle,RING_PIP_angle,PINKY_PIP_angle,INDEX_DIP_angle,MIDDLE_DIP_angle,RING_DIP_angle,PINKY_DIP_angle,THUMB_TMC_angle,THUMB_IP_angle,THUMB_INDEX_Abduction_angle,LABEL
158.850393,166.1910679,171.3124233,164.4173096,152.7764356,166.2750595,168.7530709,170.1361922,170.5993351,176.4135576,177.2706643,174.1063379,169.9105303,152.271434,151.2882248,35.14708663,1
149.7101687,160.3494787,168.3614135,164.0031442,154.3086914,166.6778366,166.6698227,170.7405734,173.2892907,177.4034111,178.2963026,177.2879624,174.3964276,133.4184336,154.2007423,38.51933261,1
160.7026075,153.2537745,166.446717,171.8081238,154.8411072,167.8730576,170.4545661,172.9139329,173.699667,174.2539176,176.0429163,175.8391298,175.0608473,153.5675462,116.9824702,41.24540181,1
143.7948103,160.9396972,172.0847041,164.26924,146.9915944,168.1735877,163.5983839,164.3841974,174.7375031,173.761868,177.5953108,175.7043855,173.6487473,126.8764657,166.6832073,37.56719671,1
159.7307443,170.0006642,174.3301818,172.9909972,166.7231596,173.7203936,174.7189975,177.1641144,175.6378325,178.0116181,178.4403421,177.2502159,175.9961596,157.7953804,172.9194117,24.7884347,1
164.7712431,171.9759272,175.9619552,174.0185453,166.6137583,173.9056995,174.2253693,176.3353983,178.1672735,176.5954198,176.7886251,176.9659636,177.6479214,151.7298035,174.6610014,18.98442125,1
160.403609,169.9399328,174.9892338,174.6980524,166.6473676,171.4775127,172.5203455,174.6263667,178.2154098,176.7677451,176.0610804,176.0609979,177.5859455,155.9205464,171.385688,22.86139923,1
135.253589,162.0486999,169.2323444,165.1579838,155.1858862,164.5353159,164.3374702,168.2231651,172.7081252,178.6098173,178.8398982,177.5823268,174.2354596,142.8910685,170.5628442,54.90513939,1
134.5835134,161.8637924,170.1120565,167.1437284,155.6104253,165.535589,165.2736288,167.1257865,174.8222894,175.3056541,174.9857178,175.7609598,175.2434281,140.8332607,160.8265355,52.85207583,1
144.6122015,159.623303,169.2041588,163.6171734,146.2186149,163.0062628,161.3722537,161.0108663,167.6462225,178.2334605,179.1200598,177.1695198,172.5197917,146.3530986,125.4507367,54.58368136,1
143.0130822,158.161197,168.3672544,165.6494731,150.7945228,163.9258994,163.8243938,164.1803539,168.6528452,177.888942,179.7363508,177.4916718,172.9959936,150.6215804,116.4435564,57.44931784,1
144.8458118,159.2010713,173.6515713,167.4940615,149.9191276,173.4638915,173.2500823,171.6037128,173.3022091,174.1719699,177.126799,174.0481104,171.3727802,149.7968472,143.8017622,53.77484823,1
149.5476785,159.4589302,169.8713004,173.0483283,159.0824916,168.2115525,166.5548762,168.9603128,175.8552478,173.528103,173.3253953,174.3686906,172.8722756,140.1661491,165.7275373,42.1808427,1
179.76502,162.9186578,164.6883577,158.7614826,150.168781,165.7129754,165.7734378,173.6764464,167.7155139,174.5163641,176.2613192,174.1395841,171.4394243,145.676229,159.2590435,29.2803356,1
146.5909017,158.019077,168.400285,163.110829,148.404402,162.7361885,163.0658137,166.7475369,172.1403563,175.5216992,179.4609113,177.9751845,173.2554821,141.4079855,162.4759603,46.82991646,1
146.8905159,161.7759297,170.3321025,165.13535,149.5982163,168.7926923,169.2298643,168.6302906,171.2472679,175.522209,177.4710353,175.2305092,172.8791176,144.4076512,133.0269559,49.56396999,1
155.2316373,164.807205,169.6410389,155.6556577,143.112813,167.4092756,160.420968,160.5608966,165.3744044,175.9333743,170.4471674,170.7761473,170.9732412,132.55158,172.8314158,36.08640215,1
163.6863959,156.8745833,168.7311144,167.597581,155.2717039,170.3714222,173.1890289,178.2793163,169.5621875,172.9203444,175.9413718,176.7370953,174.7907537,147.9858569,168.7558016,35.70858086,1
159.4572283,154.5653161,168.6365102,172.7636489,160.2700712,166.3438676,160.9409675,161.1678327,171.264587,172.9819005,173.9216044,176.4830093,177.6674682,117.5240047,165.5472504,31.12619684,1
164.8773103,157.9230829,168.8250136,166.7149199,154.6949277,171.2594233,173.1708613,177.966402,169.930026,170.8367598,174.9079426,175.4292281,173.7872143,147.3993424,158.7982634,41.73811679,1
160.9372133,156.7457345,166.5167097,168.5124016,160.4951049,168.0650322,166.6891056,170.461012,179.8284036,173.3015729,173.2003412,174.4502268,176.5040195,125.9226686,169.3594266,22.78024499,1
162.5102884,155.7722147,167.3825978,167.9066223,151.4832036,164.8761594,167.4741915,171.7061702,170.3304957,172.5038196,174.5251267,176.1820388,174.244706,155.5597495,141.4062663,40.86889806,1
160.6099115,148.0631905,150.2564084,154.0812151,145.7579676,138.0248835,135.1614197,132.2490303,137.7001134,157.8052452,158.2470252,160.4764714,159.7726788,146.9090443,169.8173664,75.27540742,2
155.5296311,157.8565139,164.7111795,176.217555,163.1183491,140.6297326,124.9387543,124.891984,143.9063312,153.8140263,156.8509712,160.8779328,166.9230465,155.1755759,162.1648336,65.69375095,2
167.9254211,155.5107056,178.6820013,165.7227367,157.0472286,124.118232,127.9635157,135.7199335,152.3379953,154.3012683,151.2965459,152.9385028,160.182954,150.7744992,168.7299596,73.08168164,2
165.7172512,155.1258011,174.7592484,165.7974581,155.5854404,131.9938443,129.267753,138.6207604,146.7346329,160.6855192,155.1854086,155.8705353,159.6726265,149.1765613,164.5869592,70.00932537,2
160.2025301,154.1786411,164.6256743,176.0534006,168.4468794,133.2345973,128.8595576,126.4561004,146.5349482,161.5330559,165.7618138,166.6802571,169.165475,156.309822,165.8658061,60.24377796,2
162.9456439,142.5423523,155.0893189,166.2773594,167.9350971,126.830149,108.9297987,106.8769213,131.3212546,156.706896,152.8123476,155.5856992,157.9841732,159.3668157,158.1359964,63.96269917,2
165.4949421,150.0644403,148.9573895,150.5416496,148.2899932,145.3589285,150.0366309,149.0847635,150.2567029,158.2068714,158.5075137,163.1048023,168.1649148,151.6324411,170.221256,77.40818378,2
158.7353741,147.5986755,156.4558889,169.3528215,156.3382161,157.5886405,140.142006,142.6475206,156.8403457,166.3417898,166.239093,163.4755348,172.3531857,146.3252,174.4855414,39.74828562,2
159.7424793,154.1465924,166.1804456,169.7758566,156.8840053,129.2356746,125.317912,129.0569933,147.8473178,155.8727025,151.339405,157.0529936,159.0895903,150.834802,162.5513937,79.24601891,2
163.846344,145.1243502,161.2802965,169.4376107,153.1519621,142.1056606,132.9275885,138.2493233,152.9941231,166.4557013,167.0257236,160.463457,166.6820748,155.4663431,173.6526841,65.20215726,2
168.2239219,153.5274643,138.8552082,133.7600346,121.5860786,129.2257921,65.41891424,59.62664138,71.83382431,164.8691002,128.6977282,123.8787574,124.6890492,167.1366406,165.1943877,53.22243201,2
163.9069466,155.3809919,165.8461235,165.4412548,157.4902854,121.1998823,120.0258891,125.0919778,139.4665517,162.3873856,158.7409937,161.7504915,162.6567096,149.0832892,175.7353481,74.27814781,2
158.6150697,160.4524746,164.5248122,167.6807234,159.595793,116.7418693,98.37416016,96.33839526,113.2577357,138.568465,146.4153334,154.46288,160.9238492,140.1910558,175.9080356,60.91115369,2
153.056272,138.4420231,154.1898707,158.0011052,155.8791778,143.0362857,127.0326199,126.6711966,137.3026289,165.3027852,168.8474506,162.7153305,164.5182587,142.2797259,169.3596189,65.45993138,2
158.8209043,151.2116647,163.1514805,163.9532914,150.8017557,126.8984494,120.1046482,125.3370057,140.1872578,155.3441631,158.0277102,163.7965148,162.1676478,155.452255,161.0223397,81.32158655,2
157.2495754,154.5267244,167.2814246,166.6651558,152.2190631,153.1233552,148.0660943,146.620073,157.4574551,168.3790908,165.3194154,169.2109847,169.8597173,151.12193,174.7995517,71.76751939,2
159.2309277,136.341545,156.8732768,163.5963247,148.3061953,131.0883636,120.4508124,123.2038738,133.4998642,155.9391885,154.2916031,157.064185,160.6717103,158.5353084,167.0113512,86.40930096,2
156.9509643,133.6894468,145.7377359,147.9038748,137.3861907,143.9994729,133.9047715,136.0163373,143.8835334,163.3190727,157.162538,162.6941864,164.6595925,158.6244058,163.8122275,78.76088523,2
159.7068324,158.936839,166.9549913,170.4126328,161.1548066,137.4874289,138.0974873,136.2490196,150.2059782,158.2277924,158.355034,164.3667128,165.3394371,150.5425822,173.2529884,69.25889996,2
163.7865129,154.5667913,169.6997938,174.6988683,162.8500353,153.4342347,145.9935667,150.4729084,163.19765,164.6026363,159.1624319,161.3643987,168.9918005,153.9653405,169.7586449,62.02092723,2
157.5974754,154.7083129,159.0682954,164.3165852,147.4972621,114.6146362,104.4400216,95.05147344,121.2956564,155.9432335,157.6247124,160.8122929,161.6511927,147.6074794,171.0547842,77.27275779,2
125.8558877,134.6726417,127.1982121,122.4647963,114.7929688,143.2852735,71.50430944,58.37619611,66.51246159,128.9050357,144.8325242,145.0096953,145.1740582,153.8135647,129.654247,46.92682988,3
156.9182934,134.6147792,92.12223602,90.0000982,93.90205763,124.3222682,106.1995661,89.35299023,93.33507842,154.534519,116.572712,122.0375012,119.4258215,150.7093063,157.0640323,52.43302023,3
159.6901253,136.6121311,95.70692615,88.34249573,89.70689337,107.9062316,105.5161629,84.17324268,89.56998301,154.7570383,123.3421918,131.1554684,125.560646,155.3065131,151.4813492,51.95600862,3
156.9770727,161.4623506,99.80713564,98.71771808,91.9201827,131.3235586,89.53675665,82.10732769,97.2406273,163.7032096,93.89616815,100.2723377,100.8618278,134.579285,116.1831589,80.89483838,3
156.5732186,170.5513711,102.0181274,99.86599404,92.68210259,111.8492056,105.3499366,100.243782,118.6754489,150.8442959,95.00424466,95.26652653,87.48567085,135.2280803,111.3978918,79.69789732,3
155.6027176,170.661297,101.4300143,99.08036095,89.97085789,111.5791539,102.1616441,93.37934786,113.8164793,153.3355624,92.74063194,96.99361017,92.16502946,133.024747,113.0027208,78.98414799,3
159.1628171,162.1620267,97.16404071,92.81627086,88.10461035,109.7806432,99.12486752,92.18519626,106.6800974,150.0652172,93.33715242,87.97169866,84.29902324,130.5143105,129.4932733,79.65003495,3
160.7460034,149.2738675,91.35174989,85.98825547,88.92811636,110.8051172,102.3869502,83.96597788,93.49130753,157.128048,120.9789241,133.6729874,125.0620183,148.3812814,152.5234971,53.58113076,3
123.1422203,148.227983,137.2136736,139.2182269,154.4530704,161.7776642,52.17106064,34.89965662,26.5314419,154.6465764,155.1346704,156.7182467,163.7362014,155.7102665,150.5028409,41.50259319,3
156.7584222,146.1340498,88.70182579,76.03732942,73.67268423,113.0494795,106.4685941,97.47440439,106.8293135,148.8981661,116.7403562,118.4578311,119.2379541,150.3769725,146.0275193,48.22202988,3
144.7305333,161.1346541,90.94355074,94.68186525,110.6834352,95.51139909,107.7792013,95.39543576,93.21433652,145.5355172,109.2547837,115.5856266,132.2010078,142.5399045,155.8455863,31.99641844,3
126.8128206,136.3465502,128.4086454,121.832674,110.8397332,148.1343351,68.03300813,56.53760541,68.74173619,123.0309016,150.9022945,149.6447711,150.2156391,154.3004032,131.805844,45.23434153,3
125.8185315,141.5500883,131.2762465,126.9974031,122.9621209,153.7211295,69.35499697,54.0005834,55.18499659,96.68387688,155.7152965,152.8786261,155.2147548,160.4352902,132.2832236,45.4752854,3
113.1968503,138.9827169,131.0281749,128.1142997,125.2458553,170.1576394,70.93128731,55.5265764,55.82952478,162.5436156,156.8776658,156.9134359,159.0160739,158.2384259,144.9881611,41.07378557,3
163.4686522,158.6046681,99.13667713,92.81841177,92.78231015,120.2474022,90.62862442,88.32122063,89.89452866,155.7220979,108.8772385,107.4320664,113.6053496,147.0092776,115.2135638,61.62184616,3
116.1002185,141.3935423,131.4926026,126.743972,121.4775462,163.4546275,74.81732915,60.75005942,62.4341938,156.1226182,154.7612068,153.1259099,155.7994797,161.5912056,138.5252739,45.57651727,3
147.5718975,171.8664569,139.2250666,119.9566775,109.8393611,109.1351341,91.09444902,72.65899823,83.87677459,150.4025406,113.7283804,137.5010575,138.6833812,133.3186685,168.100816,44.05735089,3
155.573905,158.9858871,150.7434075,112.3841675,111.7672497,122.5907013,110.8953888,92.03824672,87.61556096,150.981691,114.8116442,111.0238046,120.5070848,144.3006369,168.6236384,69.69152305,3
152.1443188,171.1103721,116.4099229,106.5405116,102.3660058,101.2646711,106.6272903,109.598331,119.0228669,152.247729,112.8870564,117.2176974,120.5578853,113.7814375,159.1691032,48.76625055,3
149.2076991,168.3212412,121.6742377,102.1287064,98.00331042,100.165639,96.78513703,106.1590101,112.7607169,153.838177,114.4614246,111.6842761,122.3035003,107.1452822,157.7192542,47.37696357,3
121.7485438,143.5629051,129.094391,132.5435049,149.2332927,158.4362885,69.18145234,51.69850565,32.09449466,100.959392,155.0755418,160.6719627,167.2632902,149.2498494,149.6432421,33.77233648,3
158.3591976,129.6372732,137.6779112,144.9222997,144.5487638,164.5225688,161.5992392,164.0623717,168.6836633,167.5057049,170.4363138,172.0103225,176.1376042,154.9624058,152.1280356,65.05507321,4
164.0319971,113.6327515,107.374586,109.2591542,112.5389483,174.602434,177.2028464,173.0612402,170.9013785,179.5848041,179.6905406,179.4809835,176.8579831,144.7546532,162.4354061,45.4415184,4
166.9811349,93.81860467,87.23452772,87.99873756,103.6340096,167.9964557,163.7210866,168.5447918,178.5424785,176.9731434,178.7183512,176.2678666,172.6069063,159.7515186,171.5910742,57.05746679,4
147.4133431,104.1937793,113.6305598,118.8769282,125.0905345,159.1616087,152.1263369,156.2490958,158.935519,172.8485184,171.6197904,165.3590115,167.2545395,137.6670418,156.9807152,41.36214754,4
151.4661766,121.4186717,128.1163636,125.5412649,124.0943232,174.3890874,173.695016,166.445991,164.2978532,176.2103102,174.702889,174.9705242,174.4216452,142.3968924,171.135074,39.97580909,4
152.4867601,124.5200399,134.6739799,134.6863026,137.5842629,168.8513674,174.5930142,171.5367612,168.2590086,169.7069402,176.9411125,174.4330774,173.4769208,148.0517647,169.3915604,62.46072467,4
163.9857171,108.4412945,104.4880972,101.0248156,104.1591775,171.2665469,175.1113814,168.9554017,164.617182,170.3043323,174.1170724,172.0165646,169.8618265,153.7736161,169.9378522,49.84346309,4
149.542132,117.544321,128.3092921,138.7800292,139.7683408,172.6085855,166.5247463,164.1971971,170.2031241,176.2538648,176.2570904,174.7231848,175.6296631,154.3668569,162.9155486,56.25338177,4
130.3036418,123.2974493,135.9974784,142.2565009,148.2077707,155.5107609,149.6008691,153.3878537,156.8774153,167.2840243,169.84394,166.5343517,168.9055885,155.0882207,123.627515,85.37365515,4
145.03367,119.3443762,128.2110127,128.858915,123.2936273,171.6960564,170.9305742,165.8344597,168.8548813,177.0796158,175.1448568,170.6701265,170.397161,123.2593205,165.5553701,24.5853886,4
152.1827338,111.3324488,111.9692661,117.1056311,121.5716206,169.848178,159.7008013,161.1032343,170.1186033,177.2847632,166.9212939,167.2635786,165.5737469,152.4395718,174.7148812,54.65489426,4
166.6018576,112.811797,106.9695419,103.4312455,104.7827725,173.1641256,176.1350795,172.9176389,169.1428473,174.1343969,174.6221173,171.3165847,167.8202431,158.4545393,172.6997065,40.45953321,4
167.5089504,93.72579025,90.23450155,87.73501209,91.20877131,158.0494107,157.9795055,161.1679668,166.788655,176.4560212,171.2339909,168.6704888,171.4903178,163.2491497,169.0821415,55.44023593,4
146.8765756,108.3207495,117.3094804,120.8089682,121.3864535,161.212441,154.2954782,159.5218378,164.3809851,171.6240589,171.7411664,165.6871059,169.8518808,144.7141181,145.4667128,51.60548175,4
154.8842315,146.6501314,152.7169669,153.8213791,146.8810664,170.8112159,166.9737525,165.6424114,165.1001687,169.5930402,172.1898295,169.7063078,174.7193676,157.6596767,167.8141805,56.79270814,4
139.7885607,124.4790678,138.6840353,145.4643083,149.9551953,160.8479139,153.1081789,156.1989214,159.6902552,167.8303361,171.1979159,168.0320782,168.8728635,154.6799802,129.5848502,80.33414543,4
172.6924147,139.7867823,130.6765337,121.0308902,114.9620069,161.3474482,162.6103954,162.5415265,167.5792081,172.1200739,172.0312436,169.4124016,170.2333385,154.6254292,164.7167642,26.86587795,4
149.2091396,120.9015498,132.8087373,141.0554894,144.5004719,163.5523374,151.7287582,163.2146223,164.8677784,172.7576337,170.0484762,172.2610548,173.7148554,152.9315569,141.4333882,61.95149385,4
157.9491503,142.8595911,149.6852956,158.6615075,165.2597986,124.794164,141.2366779,154.9342821,164.6969436,168.689205,163.8943129,159.531738,172.1304634,155.5506197,105.6341693,22.39212202,4
161.7664488,156.1010041,152.5852249,154.1116779,160.1041012,111.0409848,114.6377908,127.5960753,139.6669969,153.1306853,151.3869362,146.7338258,147.4256473,160.7061175,125.1896053,22.42176398,4
155.8991566,121.4271702,128.982586,135.8327943,141.0687302,161.5646504,162.7051428,170.3294934,168.321884,169.7206147,169.612788,171.0597726,169.2920065,140.7882385,166.4571862,34.97844656,4
167.5142041,155.6775642,129.8212551,112.9101117,130.7713961,171.7000108,53.19262132,60.35265757,44.82779223,174.4950085,146.7136168,132.3505216,140.9888216,153.8529793,169.9018134,55.11440623,5
162.9103608,140.4830651,108.2131972,101.3081781,114.7015897,174.0657832,65.40070082,74.30316879,64.23970002,166.4532612,116.5635189,107.9076359,148.6119395,153.0805498,174.5412168,64.56633349,5
178.3366658,154.7001768,105.7421085,73.81795944,65.3288243,171.9676305,86.83679575,110.3423936,129.4082132,176.6225172,161.4199205,141.4299613,144.3474445,140.8047073,141.4462863,48.1287052,5
166.3462043,164.5664086,141.7484245,138.5997166,146.8701582,173.6384345,38.04247288,35.41083208,35.6385977,175.9162896,152.800228,149.251034,152.4072401,152.8163129,162.7869369,46.34403164,5
169.5726156,138.5536763,121.10854,107.8433604,157.8070066,169.5753043,56.4586372,68.63805196,144.6706688,163.1536766,108.4722188,107.7046653,143.7730974,146.9990518,160.9694597,52.5513626,5
161.097616,142.8343871,128.8368234,120.4622852,118.3035308,178.072364,61.87154317,63.00599966,73.66685677,174.7672341,158.998677,148.7903794,147.305597,143.3002129,152.4979636,56.55014042,5
173.6114815,156.9365451,113.6157405,96.53251341,98.21962899,166.0416206,70.52752659,78.18812213,83.87512688,170.3647124,101.4558151,98.73492024,107.985521,154.5017128,173.7887115,60.14265137,5
171.8695893,150.3100136,123.4195984,121.3616079,146.7857872,174.2079744,80.52538482,67.63872863,40.59228186,176.3132122,160.4214705,157.6225887,162.0832199,146.0491867,164.3535838,46.75728924,5
162.5102408,163.1161709,118.4318541,111.6210832,125.6505453,169.4085481,68.28588003,64.52820023,55.41567875,172.4916777,123.2398833,123.6652106,144.2808368,158.6159029,164.9163369,55.33020096,5
155.5599994,159.728462,136.2090346,126.2444591,137.8619018,168.6487088,47.44121085,46.36171583,38.22113053,174.3475623,150.2935509,143.9861565,153.6146876,136.8328279,155.4356575,29.73274549,5
156.6982871,159.3371878,128.3138304,118.5415077,129.3838908,167.3152186,58.52580467,55.46161297,49.7049813,172.7474905,144.0898858,141.3917403,152.130803,144.8961989,149.5623855,33.83473356,5
176.8629611,153.8919775,140.2522228,128.9972507,153.3031423,171.9574101,40.30088204,46.24881382,22.67547756,173.9726849,146.392087,133.3177325,157.4463903,141.9636846,155.6333276,31.91205471,5
169.5638086,139.845241,157.2874115,149.3419713,114.7182743,177.3723158,12.67869745,50.6392028,66.09967903,175.002781,167.5161019,150.1746778,158.6321432,156.2180072,154.0973158,32.29650843,5
174.767878,127.2641323,134.6475179,161.7528045,163.9937948,177.7144675,41.67110035,27.67757544,27.05675142,173.9953569,159.6392636,158.0825461,160.6061613,166.4839627,163.4824174,36.04428809,5
175.5058799,164.1189347,108.3129278,106.724267,114.174025,175.2423584,95.01439883,83.04106494,85.92100739,176.9668719,161.090051,158.1232291,153.7723164,142.7059217,171.4465747,41.55262653,5
178.2407323,157.3164383,143.7377107,131.389483,148.6171595,172.3137292,36.79084659,41.14947474,26.5018293,176.1294543,154.8111518,144.3079899,157.6716627,140.3107644,146.2805335,30.37643084,5
169.3792084,136.4881887,92.22931329,78.45479363,76.0306689,170.9506719,86.5265358,102.6431663,111.1243982,165.2046838,105.2587811,84.30624075,123.1130156,142.686192,166.2264149,52.68665367,5
171.9782418,136.3580068,111.212226,99.72953992,92.97514441,173.4701215,48.67746331,59.05454591,69.06180783,168.9929692,126.1457953,114.8322851,141.4952957,145.640722,163.4204012,60.12279413,5
165.2323417,142.4110485,127.8246769,110.926052,116.3232573,173.9416123,44.35385781,61.60641076,59.94500554,170.2533097,126.5088806,110.7479652,143.4786988,143.255312,167.6780856,58.54347082,5
166.1447253,139.9829855,127.3821827,114.8553848,115.7826988,169.8945456,60.81973256,65.07621627,65.70830791,176.4129285,155.9992917,153.5019682,153.2462887,146.8181083,152.2850298,63.13890925,5
154.4661945,108.4129902,114.4629693,109.9867113,99.97838434,93.26995705,84.16198718,79.05309264,102.599111,126.0314244,114.9432118,108.6364258,115.5342729,146.291466,165.6574301,70.69015552,6
149.2229171,110.5538099,117.3465446,114.0562615,107.2309005,85.47211044,72.61874255,76.74886425,85.85793898,119.7196917,122.4027461,119.4515536,127.1588219,130.3256784,149.2320768,66.62656942,6
101.0296307,130.1328181,142.7017638,147.4077566,163.5039011,67.9880341,49.0317324,29.8232618,9.992724403,164.1853891,156.675915,156.3475449,168.7568536,148.8936664,130.2658088,42.39193072,6
99.02802046,128.0651942,140.5628528,146.9022724,162.5413622,63.19938054,49.49924615,29.48068902,9.572739416,161.4112692,160.0953736,158.6490015,170.3235315,150.4272884,129.7580136,42.96715699,6
106.6709544,129.6897431,142.5251017,148.90704,163.0931418,58.59514547,43.72940007,26.51059101,11.70185939,163.2592717,162.5522362,161.6367472,169.9483123,144.7181854,130.5121423,39.24055656,6
107.5163245,143.7572194,149.5288528,154.1790612,155.3076829,55.23922313,46.44912007,32.72509635,32.11007917,173.8756962,164.7093816,159.7242258,157.0622744,135.5291581,132.8651927,35.42228663,6
106.543049,128.220557,138.1988841,140.4447485,158.0591236,64.5652784,48.53004399,30.37928513,10.61226527,162.1427618,154.4303521,151.1100068,166.1392958,152.0786611,125.1474424,42.47974189,6
108.1703796,133.8726708,142.3071356,144.4666611,165.1392812,71.50529938,54.21842978,31.77283123,10.28290599,171.9699719,163.6738536,159.8842824,171.7803117,159.2708517,124.5289975,46.65600291,6
100.4483129,131.1859018,144.0987626,143.7746494,169.498713,90.07245667,66.05774498,48.55317156,14.23321038,164.7913055,162.0524041,163.2101499,173.8105599,167.2453136,129.3494882,52.62120956,6
125.1222295,127.5779681,118.7808013,105.6939303,82.66027506,91.35180961,94.78274123,86.92693381,93.98243722,154.5781442,132.7672457,108.6213098,116.3402086,164.069351,109.7550593,59.85926513,6
110.2963779,132.5624026,140.3447961,144.3233411,158.3765685,67.94192078,51.25387147,29.47792261,17.11564447,170.3491413,160.5393392,152.6998209,164.5043482,157.4413506,129.3836052,43.37842822,6
98.96287425,123.9843138,135.8853696,143.0417457,164.7122377,88.42146286,63.61589247,35.90329033,11.1727853,161.5561644,149.6528271,152.0115166,167.1291508,164.5570867,131.5723287,51.49521495,6
111.2081537,125.5752762,133.8986935,137.6448155,154.0296995,87.68173943,63.21316315,40.1932212,20.94065819,176.7737916,152.2166483,150.7094815,162.0763106,152.352881,116.8713219,49.11479365,6
97.76706049,111.9899564,101.712667,94.58202778,75.82138155,113.4583964,108.1585794,95.00128852,115.2135699,133.1838045,27.23868215,88.21239721,105.7291254,159.5491697,142.3680386,57.4445822,6
105.2830111,135.3735204,140.7769869,145.6206914,165.3187955,60.14517243,47.44599564,28.72375785,14.88522747,166.4541349,160.2857182,152.6933212,167.2685524,160.5458304,115.6348199,48.72149973,6
104.3678154,123.3118171,129.2673811,127.1319666,142.0544647,84.08218017,60.5263625,43.12858861,24.84611649,137.1476033,106.8258196,118.7990886,141.6392652,149.963499,123.9745919,46.36310269,6
105.9204552,131.0198524,122.5947472,114.659522,89.96997915,99.50217529,91.48915825,77.94708476,100.001572,121.396296,41.78966906,85.72545812,103.7563125,158.8744536,139.5436505,58.6710203,6
127.9864975,101.5308963,108.4569769,113.4073243,120.5815998,89.13647861,76.7249356,61.32548026,51.96044624,146.9196732,140.0063141,130.8175642,140.0334258,132.8237279,141.4704802,41.80624914,6
112.1242799,124.4301295,132.2079286,143.4068478,159.3012373,53.92063299,40.13151633,20.85473283,14.796582,169.6817758,164.2957845,151.8053822,157.856844,138.0532478,126.1032668,30.37772195,6
144.2178542,133.6125146,130.594061,130.0537715,141.2057725,58.64700536,51.54607202,33.94346482,24.86777043,147.3965658,144.2261792,129.6245059,147.3929023,145.618359,118.9515303,40.58888975,6
146.7998555,132.5365444,135.4661622,129.1296891,140.1211455,63.59231331,46.79750147,38.98555692,27.28640636,154.3908335,127.1977303,122.7582711,144.4687691,141.6548376,115.9412871,34.89679965,6
163.9496594,92.72942241,78.95539586,69.39954782,64.23104885,109.6693322,101.2174931,91.15947365,105.4907518,124.7217443,100.4494931,91.18611023,76.54364215,169.2948281,90.51776355,74.08575122,6
110.1593805,148.2591985,153.8636482,150.4861394,121.7010883,50.69747886,41.73550842,35.33784082,58.70963386,156.3518914,134.7091644,127.4533761,123.8777433,144.521747,123.0157372,41.26466582,6
150.9129429,79.73968535,78.59802597,78.38884108,81.87766444,98.94509789,94.40099016,90.15369152,86.37510776,122.0695913,113.4146828,106.8096992,112.1945633,144.5326481,148.8147763,41.33324321,6
150.7885082,84.43117749,82.21496876,81.05166421,77.59437427,90.58219718,87.82160886,86.68707689,89.14487855,117.6367615,112.7446683,105.5463368,114.7422884,147.0149628,95.08420805,45.72483798,6
116.7638389,139.7834132,136.6318812,136.2583401,143.3030119,68.94910095,58.11572194,39.08133166,28.09286181,161.6689503,101.1134868,123.2901338,147.6560174,163.0232137,121.6108499,57.62629882,6
103.9858147,135.0768899,137.5220806,132.6129579,134.9000089,60.19582496,48.33227016,34.66553462,26.94753807,171.6588319,144.3502093,138.2329527,149.6918333,148.7277083,135.8867332,50.40363715,6
150.048644,161.0410542,148.9277429,113.1215268,115.0325798,176.3079753,175.7724853,81.30633052,76.8752508,171.4871295,166.9303993,148.6055515,153.3015429,134.9434787,177.5622755,26.19406733,7
134.6093731,165.3343203,149.9640761,118.5550409,126.1879774,171.9647458,175.252539,73.79020037,53.67034247,175.8122868,163.2546435,149.2325891,156.5307646,145.8665438,127.4633517,38.47122961,7
147.7407136,159.1793148,149.4174333,114.0605631,121.5718238,176.6653537,175.3009268,81.73148921,70.43648556,170.5584664,166.0884038,148.2453058,154.2050941,137.703195,178.0515031,26.29458998,7
151.2110264,152.842759,125.8117517,114.6548536,93.67588656,175.2663567,159.2333744,107.9762555,121.2845962,170.9728052,175.8764551,132.0515468,139.7398437,124.6781285,165.7344641,51.58340095,7
157.660863,172.9743172,146.3602766,117.2998692,121.2825997,176.4031311,173.2221877,68.19136362,62.735251,173.6201647,167.8564425,144.5157291,150.1037051,131.8031473,169.3753101,37.26905679,7
134.4896921,160.5235206,151.5903475,112.7942878,111.5727459,169.0262418,169.1916489,87.07049248,88.59410265,177.3756344,170.8794728,150.3129089,157.9766681,141.8104745,124.1396333,54.42852082,7
132.2931231,158.3706113,150.0751674,114.5686113,113.5580807,170.2901505,173.7201349,94.52620523,91.86667572,175.1505656,169.0172522,144.8907262,156.2468236,148.230954,117.5748848,55.91341664,7
134.0184064,162.4364076,150.4904672,116.2547026,115.0996204,171.041867,174.3745009,89.40720537,79.97570888,174.2173797,166.9965247,144.3272788,155.0443864,146.5389649,117.9547273,53.34952347,7
132.2398424,172.5405871,155.942742,121.7374653,111.2899182,169.6017004,173.0186081,66.12425921,85.66058922,176.4955425,174.5427199,150.3671848,152.2423428,125.1783566,159.3076105,33.66094191,7
135.3463508,160.546859,149.1276022,117.9360943,121.6945966,171.1413783,175.9729307,88.18636427,74.26185147,175.5263349,170.3723326,145.7452895,156.6557583,145.4206943,117.1879982,51.08667051,7
133.4867956,157.457941,148.9490278,118.6886352,118.2960303,172.7655811,177.457797,92.34332751,91.76511627,171.7351241,164.2206688,138.4175583,150.693478,149.8099936,120.8873492,57.95491685,7
152.0294325,161.0974939,150.5743243,107.5543337,109.263662,178.6767518,172.8971984,87.54755946,79.00841968,170.3612339,159.9857365,135.0129633,142.3797432,134.9038589,170.4418411,36.47275264,7
150.7060853,157.422092,146.3533555,104.6984777,105.762131,176.8366082,177.9518724,86.43551724,82.72634424,169.3783595,159.4779105,135.2815716,141.2220338,132.6607077,166.8892191,38.33284751,7
157.0925963,163.090935,150.4515253,100.4538909,94.06268436,174.4989344,175.9988052,94.73846178,97.88123799,167.0408211,150.0913956,126.0094,134.0498448,143.47142,162.115798,35.73417809,7
161.5812177,158.8446701,136.2087583,94.04779972,75.67862155,173.6919938,169.4149402,99.0485697,108.6932226,169.8746908,166.3595898,142.9228497,129.1530649,146.814135,164.7015767,36.36030601,7
136.8652718,163.9875131,139.8039671,126.251382,132.3984422,171.1223145,167.319351,72.24087465,63.77992168,173.2279008,164.22291,149.005055,152.0827939,144.0431041,141.8496467,19.11551674,7
134.4788875,162.3114566,140.9064104,120.620997,133.0260666,176.9354796,157.7317559,75.20725982,62.81311738,170.2674564,160.0042458,150.8558035,150.0975814,132.9934565,158.8425394,18.96407297,7
130.9993611,170.3522865,148.8850602,100.2626235,100.2744121,174.9685735,173.5844267,104.6614181,101.7458304,173.0701531,164.7412319,140.4568376,142.9838927,131.3623162,170.7701126,55.37072266,7
122.6900375,173.1518786,163.9607899,119.8906146,92.6705993,169.4312534,173.2600193,92.73640209,121.2060502,172.875946,165.5882793,139.4880929,158.4299449,130.8098805,162.0506442,32.49432787,7
95.91399286,169.9074052,151.6349706,111.3453005,88.20291447,177.9295866,175.9485993,112.3452275,133.8146995,167.5167399,163.5624505,147.6610573,156.7114327,154.6177825,166.3650337,59.86293706,7
112.3324872,177.7518707,155.6655913,111.2449539,120.6257551,176.6426446,177.3462824,116.8881354,124.0077923,165.6985515,164.5811545,140.4852457,19.21994093,131.3017057,174.3484779,49.80032611,7
108.9931782,175.1107867,157.8523241,114.8339755,90.24604253,177.972637,172.0932521,99.06552682,120.1107194,170.9182392,162.7268077,146.7470074,160.917147,128.3344933,166.394968,33.23415817,7
130.4513522,171.2313716,146.7937647,115.4555342,112.3676719,171.0177064,170.8957879,91.66950442,93.02544622,174.6354532,167.6833544,141.6444814,145.0802365,124.2776174,177.2559983,50.24684643,7
130.8228259,165.6129435,144.1048957,111.7686669,122.9019341,176.1103152,176.0192686,78.204148,48.64418082,173.3879158,155.7235263,140.6665186,146.8726387,151.0239681,128.9056551,41.91296246,7
151.9462307,158.5582511,146.4642044,130.7783347,148.8525129,173.5834011,40.00418989,47.53591678,29.67595394,173.0112537,141.3053096,129.8592632,155.0948311,141.8432354,152.7808962,30.1945286,8
154.446444,160.2436321,129.3038064,115.9389489,117.5697703,169.9209257,60.57820088,60.34565509,61.7278271,170.8977192,114.2754221,120.1374662,143.4642039,142.8004127,150.8973588,32.95416546,8
158.1376915,149.4037404,144.0604965,139.9511536,146.1265826,174.1693486,46.73241737,35.82790168,29.79794016,173.9162299,151.4915561,144.5579082,155.3804434,121.6215773,173.5060363,20.59485382,8
140.3925339,149.4291141,157.9236876,147.9112845,146.8531083,173.1028962,41.02399508,32.99503851,31.79563577,173.9018457,157.6464392,152.6028081,158.9332101,129.9683535,162.4194213,32.36210155,8
147.8172276,159.0291166,131.0288164,123.9035306,129.7734103,176.8964678,73.5230336,68.12087756,64.89143143,175.7757496,157.4743122,153.8391089,154.1833298,140.6055208,110.4171526,47.51046987,8
143.4177838,160.540435,127.6064571,119.7871424,127.4537904,176.5971778,66.93703132,64.25176362,59.2356192,177.4820231,156.9710891,153.8356967,153.8853852,142.6785994,121.1032559,51.82630351,8
156.6531883,158.3138526,126.6333234,123.6370529,115.0175239,171.977019,117.3388914,118.4046236,135.3122578,162.3693127,164.1838385,161.2639094,150.3161182,156.5909298,164.5571985,58.38638709,8
145.2523551,147.0489173,122.875405,114.7123505,115.3506818,175.72624,75.82757287,74.11800248,73.59445862,170.4841883,153.3638466,145.6321946,149.5406259,139.3331634,121.5520964,53.77514888,8
149.4614459,143.5697246,123.4515459,119.2191404,117.889495,178.4193197,75.79027721,71.52626705,79.72665941,166.8883553,148.8409976,141.1595859,145.6751238,136.455409,123.2892514,51.06745176,8
153.9657609,161.6832674,123.7753625,119.8460523,164.4019844,174.7643751,77.61044079,70.53581804,153.6992957,173.836766,160.3460821,157.7460514,158.1321378,138.292443,142.5223196,37.35864835,8
152.0849131,159.4555885,126.7085144,124.1892955,129.8630087,175.2419946,79.62779381,67.76156615,67.03928094,175.142505,162.9975585,162.9724244,161.1215464,142.8240057,142.2095258,40.25960501,8
155.7867498,159.7584275,148.0486801,136.2649935,145.0804576,172.548528,36.94336649,38.48788593,31.38003842,174.5328746,154.2237171,148.7238357,158.0832597,134.9382422,138.4320251,25.17995232,8
141.1287199,146.520775,131.3410419,124.1477012,136.6155671,167.037949,49.13465956,45.71648436,34.32463764,169.0916904,86.3197983,102.2747032,132.8213489,144.631918,159.5571381,33.91201788,8
162.6356981,154.6795867,113.0602803,108.5874101,101.0452597,176.1379543,101.7557094,102.0513102,121.3782348,177.7653108,161.4050012,133.5100294,129.5170318,152.2769469,171.2469122,27.88015966,8
150.931422,151.7966088,117.5258887,97.24251616,81.30595696,176.7671679,75.16984742,84.72972692,104.2177986,172.007303,157.6949402,140.5482051,145.4382099,127.6494998,144.530917,35.84292314,8
152.1574742,152.5813972,103.5619745,87.62698467,73.71879678,176.8912021,86.96084343,94.39198937,110.8866425,171.1837068,153.7139656,135.9331616,143.6782312,136.6063449,138.387723,32.19297573,8
137.7369136,150.2268857,138.6513948,125.405998,115.2417133,169.4360342,49.6104422,53.35879629,66.24248364,172.3476996,151.4964869,131.5538581,131.9724716,116.3824246,161.2284959,34.61206835,8
155.429931,148.3224671,105.4685205,85.7344442,72.45366284,172.183319,106.7077952,106.1415736,130.8349168,161.7346456,148.99681,121.5937105,110.9308992,150.8455481,164.1149696,39.30236696,8
158.2702665,146.3964422,135.3215307,122.231729,112.803347,168.3460905,52.11168705,53.67249384,65.23388999,170.6414772,142.3491453,119.8890854,126.7353731,127.8932501,152.3084007,45.48010924,8
154.3961044,149.5574983,139.2957302,128.2224274,123.087162,170.1097684,47.62426182,48.20470419,56.56962805,172.1713563,147.1602574,130.3222599,141.3505741,129.8226942,167.6526282,37.89470349,8
154.4765232,151.1475071,149.0540127,136.7594143,128.5035764,176.9342679,41.16722169,41.64671686,50.02569668,171.4952955,158.7141807,144.2316671,146.5442444,129.7159359,160.7869117,31.70079024,8
163.2129799,127.6921935,111.3226896,107.3476202,101.8424787,174.6647283,48.22512819,52.97917355,59.17121777,174.8805166,150.925649,146.1472816,141.9415541,141.8448281,163.2103816,28.40820182,8
133.1609625,159.4558669,171.6522806,159.7599185,137.1439357,174.1895827,163.0438264,164.747122,103.424081,178.2771011,175.8263232,168.0422351,157.1265932,123.623309,178.4658695,48.96084256,9
113.2955041,163.8947947,167.0331931,166.277536,163.6130606,171.345915,177.4297569,160.9153692,65.96394785,166.7702414,171.5573477,167.5579661,151.2750844,148.282493,143.6493167,44.13115763,9
114.3584726,179.8495616,176.2266299,165.354431,146.1698573,169.8408326,166.1757395,159.8520907,115.8900498,177.6981222,177.8433831,177.9704981,156.8683078,142.173197,167.464466,47.54033665,9
111.4213631,176.9383111,175.3116526,172.2994817,160.007382,172.3088841,169.7449262,169.8289653,95.09814762,174.0481601,175.6902234,172.7162,155.1814366,142.0717534,171.2731475,37.29633571,9
123.7456773,178.1499265,168.3504602,172.1788378,150.1994259,173.710166,171.1957504,163.6843724,112.1774508,179.6135647,177.2442558,173.12151,160.3997844,143.5567436,174.0401162,55.00783885,9
109.3400014,177.8928983,176.1903471,164.9423635,148.4414609,170.5295651,164.512016,162.2348102,97.10549149,175.3170706,178.3118976,175.5200029,148.5441717,133.8611427,157.5684927,34.65521222,9
117.0327019,175.164176,174.2195935,168.6484069,162.0903064,170.5966247,167.7493568,168.3825639,90.43664355,173.9614148,176.8503948,173.4149886,144.9489891,134.6277699,167.7520528,28.70992889,9
122.7975279,177.7227382,176.0818006,165.7073182,151.2579112,173.0997118,171.1452463,168.1302182,99.12017821,176.4888191,177.0750076,174.1912534,148.8003603,133.0935198,160.3061203,31.09102597,9
123.3981471,166.4569537,174.6958089,168.5729309,172.8864755,172.5839292,172.6709228,169.8574772,62.50390649,170.4582526,175.9616067,172.899255,139.2352498,126.2981891,151.198132,17.12269468,9
144.2944581,170.9040505,176.1034536,165.2385267,153.2010422,169.1199464,164.6925384,164.2745384,78.83460494,171.8913201,174.3785361,171.8266072,142.1385994,129.0385167,175.0173976,58.41953909,9
111.9960268,175.8728489,173.9413203,166.3041944,154.0596164,172.7819756,171.3000201,169.1423494,85.36630917,173.9357368,176.6016921,175.7124388,155.1823681,137.3392612,161.6643346,28.4425675,9
127.8870299,176.3945764,171.8984196,164.0440203,141.2841874,173.9723199,173.6103593,164.1382797,117.6043404,178.010746,179.3575044,172.0568187,154.404817,137.418682,162.0429565,52.71489714,9
96.4241037,170.1339459,170.6368834,167.0914899,150.2606238,175.021551,175.2996538,159.4599961,66.22587239,168.9501138,168.4002959,162.9776283,148.4006555,159.8040899,148.3644536,49.5006481,9
114.8112532,173.3146711,170.8773415,167.0165952,155.5734803,171.5408728,162.7267718,161.1750597,80.95020002,175.7228297,176.8063939,172.3324436,145.9937533,135.9973775,158.2413596,24.00028627,9
124.3829226,175.0153889,171.2409284,167.2551477,140.8222841,173.1092078,170.8719206,164.8456969,111.118613,179.7771135,178.320283,173.7454366,156.5780098,140.5779488,163.632327,48.23638005,9
114.3669413,179.308006,170.8074218,160.5935188,157.8478762,171.8831088,176.5837844,166.958964,74.40051166,172.5223338,172.9567927,165.9140904,138.8714178,132.4678822,159.0511321,25.13996337,9
136.3346567,169.4799035,168.9464295,176.8878101,147.6523067,172.2710787,174.6199089,168.5494086,125.3224575,175.3737237,174.6174009,174.9034879,163.4412075,149.5762926,165.9992017,51.38842666,9
104.5780028,178.6936986,174.8279205,169.1253463,159.8651729,174.5039154,171.0104826,169.7158771,82.35999115,174.1542053,176.3778657,176.3391375,149.1817683,144.4850691,164.3464596,37.36272621,9
95.39710071,177.3529832,174.0457792,176.0747957,163.7732218,173.133307,168.9568334,164.9298235,63.80218361,175.5754777,175.9540191,174.1067698,154.2242825,152.9140938,156.9466712,39.52275968,9
119.3794914,167.037327,167.2169882,162.1850259,157.2659392,171.6751489,171.4374391,161.5226027,87.44571365,169.3163788,173.011121,164.9474592,122.6892264,138.6638089,153.9982745,23.06030273,9
130.8851549,174.4169012,173.3096589,163.4091174,147.3858393,166.3982392,169.417694,165.8333181,96.77201541,169.4799763,175.6148367,170.514446,148.8103274,115.9894735,175.2519097,31.86839238,9
139.9236693,178.0297167,168.3828025,162.9285763,144.6860692,166.6217093,170.3790511,165.2550654,93.72285394,170.4731232,175.0792078,170.5102485,143.5732322,118.5739248,178.5325337,43.87285796,9
116.7748014,167.0815593,171.1456739,167.5353989,167.7917911,172.776531,174.7937656,162.9099149,55.43713165,171.6594192,175.9718567,171.8217184,145.1567206,132.2026662,150.9404065,16.97086776,9
98.77556424,178.5724811,174.8962875,164.8818611,153.2417534,177.6062377,173.8189387,164.1159759,52.0479793,176.9634735,169.2932313,162.6442082,149.0125721,142.1998071,155.7334085,33.57882289,9
98.69403392,176.4650254,173.487405,166.6486216,159.6570541,174.6107236,177.2513734,167.4259567,47.23149609,174.1323372,168.3886114,164.1767864,148.279468,147.5411334,153.4026233,36.54564614,9
98.96645802,175.9115378,176.4010064,169.2189455,169.2881487,174.2155,173.6120518,172.3066562,82.1635908,173.2967857,176.5586331,166.9123764,119.882941,139.215362,165.8835823,26.0310165,9
100.7961397,174.0935777,172.8362175,165.434214,171.3141101,172.0063483,170.8066374,173.5652969,72.01495371,175.495478,175.4838362,168.6043833,146.7342976,142.1152198,165.9189664,27.6316765,9
105.3076888,174.9137315,177.230455,172.9796306,168.4516103,171.8517765,170.3542054,171.0341412,110.2442929,174.7438987,177.775236,170.8650859,113.9086303,135.7917378,165.2580686,21.50076991,9
106.2370031,174.5337773,177.5301467,173.8237088,166.8470535,172.045205,168.7619087,167.8202733,136.1733045,178.5525362,176.461655,169.3859542,112.7363208,136.6898881,160.753849,22.26860224,9
140.4661399,139.3255011,163.7848949,135.6012454,122.2863183,132.8831373,166.9395819,89.7451345,93.94945418,162.2989075,153.2116547,147.5555501,152.9946645,140.8884293,166.1972999,48.56710286,10
107.633422,117.522571,149.201381,135.5658847,130.4296835,93.87111281,173.4173918,71.4858982,67.6542084,160.7576147,164.084625,150.2767252,156.4612772,137.5978633,131.8028121,39.26050177,10
107.189267,120.6155328,153.7600364,132.6395453,130.7052656,91.96145942,174.9426098,71.78235136,62.40749027,161.2740625,163.7650494,148.9947935,155.7060098,144.4159647,127.9077773,44.99655724,10
145.4151312,118.6619344,119.7616596,92.72004101,81.19745811,172.5867974,153.6241227,84.82607042,101.8033942,166.5180089,129.8439296,121.5771775,136.6958873,125.7963642,135.0758035,63.96968412,10
107.0182621,119.287382,149.3195154,139.8485517,139.2774675,92.10502199,173.0425488,62.52331643,52.26959035,161.9758453,164.258903,148.1170695,152.4748975,144.0442072,124.8405488,38.55929956,10
110.3650148,110.3593824,146.1449565,135.0555954,138.4977373,92.40870069,169.3585232,63.71553983,51.17991337,163.3508853,162.4971312,149.306222,157.4115828,138.2768035,121.8276889,33.97128389,10
112.2304965,120.7967596,146.8970492,139.5904139,134.4197099,86.1883491,169.3606537,60.39167779,56.43524524,166.190534,162.6807615,150.5120889,150.2983139,141.6967547,113.4352534,39.13844992,10
115.3827467,115.2991821,140.6690324,130.599255,124.0635306,89.96573396,165.155262,67.41962715,64.76691171,159.8121324,163.709616,151.2667583,152.9434506,138.4908691,117.1691369,40.30319652,10
135.1987807,148.18386,166.2412188,165.9375242,153.1924433,78.82243193,170.1949459,37.42357003,50.71353089,154.1861552,160.836889,156.1516945,149.1180863,125.3808603,116.7770227,34.74814501,10
131.2100638,130.3336482,148.3373855,124.9755715,127.0876972,115.199172,166.5387821,73.33153723,59.1709008,150.1143334,153.7697652,142.9665435,149.2634761,142.3657665,142.9062828,49.10976268,10
136.2868288,132.1226346,148.6859844,126.5282287,120.9958174,119.6751396,165.8014519,69.07704494,70.46120229,140.046483,146.4810169,138.3451501,142.6162292,139.2407111,143.6780513,50.41965258,10
168.0931634,121.5700214,133.3393246,86.24113592,76.08635687,135.2487175,173.6865919,97.22238947,101.2007959,120.1781186,162.0820147,116.5619164,103.4864165,155.5146533,104.0743829,58.08948205,10
131.4461851,137.0349672,157.0952584,140.7417924,141.1234833,79.43934269,176.9470361,52.84670081,39.58605573,162.2419192,166.1830695,150.8302295,151.6175,149.0894619,116.2019857,38.83510539,10
147.9023555,136.8179839,157.4023334,119.0598174,105.7374142,83.80846684,175.4698471,68.73766711,64.53457318,149.7349805,159.8326512,132.0771194,130.1525927,161.3621364,116.998026,47.88972919,10
152.177449,129.7107184,98.98165016,93.86757397,87.91098129,174.9235543,98.04493177,88.0928757,88.28021476,168.6948941,115.2095134,114.7043238,118.7440586,136.3011477,124.0209946,61.21223614,10
164.1281423,115.4704248,86.73825012,89.2228855,92.34612039,174.3985053,101.8849022,90.20628108,96.47132323,149.2398648,111.8654821,115.2743889,111.6432907,148.6132459,161.2141704,52.45459834,10
120.4940445,132.258347,155.5218015,96.75946135,67.70054663,121.8763618,170.6339248,119.2475684,137.0123348,159.263935,160.7944772,146.2326198,146.9239851,149.8751411,147.9209273,58.43199173,10
153.6099835,126.3108157,146.5983147,81.52097888,64.49836669,108.6384797,155.137969,97.85078249,106.2317027,146.8870261,165.368235,141.3395345,135.7125089,147.9363635,108.159309,52.56103727,10
116.9857665,123.3728969,150.2460197,108.0139179,89.91787977,113.9272988,172.0382365,99.59482404,96.57775481,148.9772457,154.2665273,134.0440368,140.0489896,152.9322986,142.6889965,56.41297266,10
145.9078356,123.9975076,140.679257,114.6705078,99.56042326,93.1042452,174.7399053,71.53292002,79.48867016,154.4682133,164.8642773,154.4275514,164.0154077,159.0997033,103.8290889,61.01659275,10
143.8423036,124.2297235,140.3925042,136.5013411,134.3752547,96.12266766,171.817381,43.91027365,52.12500468,157.8382053,168.1673813,162.7194523,175.813859,162.8587053,97.55807084,63.35628962,10
127.4398998,125.4678575,147.8004012,132.385397,138.3821146,98.89558942,174.6652725,61.58499921,44.96510104,156.7309513,162.821907,156.0520465,172.6288753,151.3133413,116.198049,54.37975379,10
104.4072589,112.1068225,142.9890433,130.0088468,139.26934,95.75925574,170.5263761,71.96627796,55.92753612,158.5839086,161.6972484,147.6404613,155.24614,144.8254728,128.2035437,42.66147919,10
169.0498921,169.9462331,122.6027762,116.4257669,110.0453991,158.3712516,156.4526614,146.6424215,137.9055418,169.4339487,170.7115427,145.9807782,130.4103105,140.2031129,170.3009641,60.24735175,11
154.5193355,157.3793322,146.6508137,144.1904942,136.9241769,152.1292608,125.7176002,127.0955895,140.4442292,170.0865339,156.4009466,157.2434692,163.5777147,131.1606403,177.2756706,60.33445042,11
149.2719895,146.9476713,129.5501656,134.9383279,115.6872786,170.1890482,138.7095097,128.393434,150.9467408,173.2509404,163.7061432,171.0317489,163.33938,133.4893871,171.1150074,59.93511123,11
157.0040279,169.6483582,123.6863677,116.952241,105.4701278,170.9674066,153.266648,128.0978169,123.4369415,171.6542508,172.123714,145.5556431,140.6102121,129.1536179,175.5527446,63.09914965,11
161.0697313,155.4850029,125.2670376,119.9361981,116.2960238,172.8176356,150.5667307,150.1181822,157.2836145,175.7584205,165.8043711,168.7803042,173.9103537,156.6392961,172.7809147,53.77348631,11
160.7888077,163.4186773,109.8732908,108.1945137,110.0315789,174.092631,159.992557,163.7682055,173.7341015,176.9341575,174.517841,172.842337,175.8154888,155.8536711,173.9825575,64.58340159,11
168.1081907,166.9916772,113.1735016,116.6541094,124.7451411,178.8696395,155.7953248,158.5476061,170.5241682,172.8100033,172.4638023,171.6847753,174.9706691,159.7265175,170.4477748,73.75009332,11
165.5160256,162.5285867,113.9466121,119.0973111,127.7278345,170.5465883,156.4679749,158.9538053,172.1548063,174.8812585,171.4751386,169.3576019,175.1169437,155.088418,171.0487274,69.09041565,11
160.4895518,166.2763601,129.8793883,124.7006726,106.7299571,173.8113969,153.8883904,150.1858859,154.5290808,177.8739409,172.0685574,171.8738869,169.3332673,130.4529911,172.6386302,47.21092278,11
155.9327415,164.96759,125.659535,119.9517645,93.63657485,174.2827851,149.8374457,142.3764757,149.4524093,179.0855336,164.5234302,174.1815219,170.75581,124.6379091,172.8069096,55.08117958,11
149.7681306,149.319421,118.9723906,115.4067613,90.69096061,160.3679825,141.3958207,119.9841503,140.0871313,177.9140243,163.8796986,168.0976807,163.247846,118.9958898,170.3651808,65.85028345,11
156.1058347,158.1059685,126.9064098,120.4222103,97.42477201,177.2060796,143.5766635,118.8342788,135.1655407,177.8779761,166.8381062,160.1403997,146.1088288,125.6924823,170.9074782,51.13869759,11
162.9430631,174.8084517,131.5326967,128.0018544,116.5067477,170.2844922,155.2881651,160.8783138,162.6519751,171.2608592,167.0250217,167.8239605,164.8373474,130.9502162,170.3609086,59.67942107,11
162.4751171,158.8921237,106.6044556,102.9661577,108.3927704,166.9662827,156.8367205,157.5983816,161.8951502,176.7298979,167.9844247,170.4262232,173.5000239,155.5183354,171.587479,60.25924014,11
162.971448,167.3914036,130.7280756,139.0751712,157.65666,177.6973971,150.9003388,164.4082155,163.9572857,176.7213014,169.0498085,170.4278953,170.0142074,149.2465824,161.9929243,29.43590296,11
150.1487962,155.2633618,127.9858801,127.0717822,119.9039365,159.2347075,142.7206343,139.0659874,146.7584808,171.3559076,164.5005873,166.7854341,161.4888899,127.0877836,172.9212842,55.86755593,11
155.4113668,157.5294025,135.2617956,130.0229426,112.8087462,174.8578553,136.1244297,130.5440498,143.9856772,171.9468075,157.7745758,166.9617786,165.9696569,125.764185,171.7932659,54.29111387,11
151.4795281,159.4781984,119.1164611,120.8858578,123.1819322,166.5374195,143.303996,142.0061019,149.401228,165.101535,166.8963112,166.0216935,168.2770733,154.0512614,170.318543,54.92739626,11
160.1134015,158.3149321,120.0704016,123.3317403,126.6514187,171.8076918,151.5110944,149.8285182,155.2773153,175.136862,161.9236243,159.5240263,166.4353942,153.3371264,174.8588642,59.99305986,11
144.6168551,166.2035186,132.3452433,130.4670851,128.0300033,159.2532305,132.6123704,136.14697,144.6156462,171.5020915,164.4694215,156.0106737,159.863975,127.5232517,176.884635,48.3442214,11
154.3065289,168.5309272,126.8755755,112.9707473,90.00197323,172.2451123,141.2978893,111.5908621,131.3387468,176.2229974,160.8058482,148.3958403,145.9130819,120.5749786,169.2066303,60.05860979,11
151.4445478,152.711597,119.4483734,128.5743375,135.6839967,166.0124526,147.3895845,144.0042532,148.7427951,173.9390736,159.2129637,158.2160812,162.9035158,155.7038504,175.6403044,63.53611508,11
151.9857937,99.09868344,95.03419671,129.4745697,145.1315678,146.9572582,146.6621172,161.5029274,168.2642107,173.008341,168.729092,165.9175008,170.145323,134.795936,167.1058074,51.72936604,12
147.9669225,165.0970078,130.5302693,118.4181894,103.9367065,168.8676114,117.0977821,115.7857221,133.715395,169.0043662,168.1412894,175.5231597,178.8800349,126.6812743,167.9620289,46.2010646,12
142.9794813,160.8710819,120.1151153,118.2677529,97.37947047,165.3179301,121.325272,116.2270853,129.7376816,171.8896122,167.3004041,172.2339624,171.9664261,123.9215261,165.7564266,48.03760844,12
151.3598452,168.0483479,100.4401393,99.69234579,86.29159109,173.6910325,140.9470913,129.9864149,139.1902673,177.6484039,169.5124349,168.8085861,164.0900719,128.3066649,154.9734495,52.11412503,12
155.9064604,163.089324,133.7193036,140.5641802,136.7356332,149.968221,110.4745341,109.5379126,124.8813044,167.4735574,167.1500142,171.4482016,173.6490036,132.4847613,171.5156958,52.23012665,12
150.9767978,154.5291895,115.8296814,106.9788499,80.84506229,167.6234809,130.0121965,108.5033225,128.3034602,170.0112492,168.0598353,174.444392,165.0832836,121.4158376,172.121153,45.78784916,12
156.9364761,175.3003184,118.2626856,122.0475451,138.4153206,138.1884019,112.7795736,110.6864462,126.8270518,176.1395156,158.5667759,162.5757654,163.7390177,140.3116995,172.9776877,60.18033359,12
156.0888818,158.5575921,109.8938673,106.5604598,88.22944136,163.5949894,136.1605585,118.3998105,132.5315431,169.6261425,168.1952938,173.4576333,166.8118434,123.6477523,164.6460036,48.10691822,12
152.9478508,158.3253437,110.9415668,105.5537047,83.30457866,162.38168,137.545744,122.5663921,140.0200556,168.6505941,168.0219037,174.1363665,174.5426678,121.5439741,167.84036,50.60772132,12
160.0002463,164.4725245,114.0783486,93.31136423,74.29406816,162.0240366,131.7185832,110.3220283,131.4285245,170.6921838,163.4585259,163.2517567,157.3433623,124.4428021,169.5355374,46.69468143,12
137.5297046,162.8113032,115.8652081,116.16148,111.3521273,161.3354129,135.5279206,138.3805181,146.3012299,175.4880048,162.6483199,172.0693329,169.6102115,131.8849893,165.0154581,46.43340912,12
149.0830847,176.3820083,130.1488981,126.2217443,118.3175007,173.0161676,118.3647973,122.3685241,137.0977554,175.7903943,165.35735,163.3057644,151.4351983,130.0284049,175.442389,35.35499992,12
136.9481174,168.0477105,121.3951473,114.5923964,108.248337,163.6247616,128.5427604,131.5581772,141.9348453,171.2710292,155.6582292,169.2784219,167.484477,127.8189063,168.4654123,43.59011871,12
136.7952296,165.0732607,125.9533277,121.8881418,126.8407141,172.3194466,135.0654274,145.9747058,147.0688091,174.2142266,162.6416711,163.8233563,171.383441,136.92753,168.5547042,44.18322253,12
153.1970425,161.6235524,100.1854793,94.88756323,85.43638464,162.0309464,137.2441847,136.8875547,145.5701415,178.7313657,165.0067854,162.2546669,158.1443011,133.1712749,164.7017697,46.28374817,12
154.513796,162.7466258,116.7664411,113.2005997,87.71809349,167.5570557,132.5470041,128.8754695,145.3485918,176.6438559,162.6899522,167.9984881,156.8137521,121.1411407,160.0604217,40.3794435,12
146.7625277,177.0867189,133.4655513,123.0776844,117.9569546,173.4817236,115.1598838,125.3840957,137.6744351,174.4625606,161.2369581,159.5819353,155.9253839,132.6380025,174.9818792,37.1546047,12
152.7441537,146.943499,103.5954065,118.0039377,141.985855,163.6911992,167.6266882,171.0057426,172.1187185,177.2373867,177.525789,177.8321908,173.4822577,138.9398174,157.4715287,29.92709765,12
147.1998557,156.9849762,111.2939336,121.3956885,131.2461586,171.5686373,160.6179168,156.1319149,159.665503,173.453706,168.7415005,161.5015057,169.6435754,138.6562197,169.8878464,31.40463503,12
147.9280922,163.2173413,126.1636243,118.3795661,103.9500294,169.2281302,118.5740926,130.3868743,138.9541883,170.681808,160.5258764,159.9015666,157.4032963,131.6665657,166.7078062,40.92979724,12
149.6429142,149.8961528,117.9740857,116.9874983,117.1538316,173.006345,134.8600367,141.710356,152.1163774,171.8281325,172.074377,172.8329524,173.2029363,129.1614306,168.8919522,54.79769824,12
147.9616136,153.6892548,116.1970469,118.5188627,120.5829877,171.782867,135.9086455,145.4591749,156.5010745,170.939229,166.8119468,169.9276397,168.9451098,130.0701226,171.2921872,50.2269706,12
147.7441235,165.92757,127.8357979,129.8249856,120.5405946,160.5745065,116.505971,115.8154555,127.7113417,168.4093959,167.4413217,166.8773953,173.0949926,134.1120391,169.9091753,51.32479327,12
146.7043866,161.3191976,127.0333645,133.4567332,122.3850451,160.0830323,115.5442193,109.185979,122.9176499,168.5777126,166.2243176,164.7838022,171.6973015,133.5023318,169.0536603,49.60075293,12
130.853351,163.6924288,169.3483835,166.1727728,156.4843159,159.0614418,165.3091891,167.1908264,173.6493975,168.4902066,175.3623072,173.0465412,170.9863039,123.5202379,166.7008444,33.77133559,13
108.0572629,160.1936189,170.0747888,163.086717,154.8314639,175.4825908,179.6407706,178.3800065,171.8932619,173.0714058,173.6795791,174.1680299,174.1281469,150.2417696,171.7145145,41.00941411,13
109.1723454,151.4120118,166.9140719,176.1699602,160.4149013,169.2557417,172.9882125,174.1772596,175.8066644,174.6406449,177.818011,178.3372357,178.5937157,143.4660522,151.6680703,25.64709803,13
111.2237451,161.2248058,174.3801189,171.7498561,159.3227612,166.8191637,168.1995763,171.1465675,167.6273204,177.3433598,175.325156,175.2079382,178.256571,138.6433451,139.4696519,21.4181878,13
114.3170379,161.4300043,175.7871076,174.262058,158.3796202,168.6573788,169.4573912,167.9418723,170.840814,175.842536,178.0855755,175.7941893,179.5180471,139.2212966,142.6416893,21.59565742,13
112.4864949,163.8294989,177.990991,173.658119,158.3765757,167.6577996,169.2776397,168.0551374,171.4814547,176.0912964,178.2881817,177.311279,176.9086025,136.9855058,134.4259549,23.19773484,13
111.7394442,162.2133813,177.8829014,172.391261,157.5206744,170.4740315,169.2842469,167.5773415,171.2997207,176.8411196,177.6725558,176.7691901,177.3056686,137.4782922,135.5041211,26.35824916,13
131.1635733,162.4588502,172.6372286,178.2629843,169.4161761,176.2468392,173.4418911,175.226175,175.1454093,174.9982138,175.7262304,173.0200175,174.4829842,121.8737951,136.0379922,23.33634421,13
116.7792773,160.1190831,175.302306,170.4021275,157.5421308,163.9011018,163.5770827,163.468074,171.3296585,177.753424,179.6354833,175.0727584,176.3027609,141.4959427,145.0890022,22.68920807,13
119.5007614,162.0310348,175.342015,172.2994987,156.4975119,169.6201685,168.7483076,171.5848423,169.8436197,176.1141587,176.1955218,176.4921166,173.7355915,141.0009542,134.8094002,21.64478695,13
113.0961069,155.9275028,171.1818413,175.5963321,163.3808276,170.9021629,172.8449779,170.967644,174.044078,177.1125949,178.6939589,178.4412816,178.0128456,134.5546142,143.7417773,14.89997899,13
110.718727,154.6144181,169.3063824,169.0526976,156.4264443,164.0562451,166.2971048,168.9978305,176.1781445,174.4682252,174.4549765,171.3061638,176.4146721,136.2976465,140.1436376,21.66696302,13
125.9580868,155.4651231,170.4395429,175.1520354,166.7562006,172.1917549,172.203511,176.4211348,173.8163138,175.3602632,176.3443654,175.9769752,176.986504,135.3419722,154.5912436,15.70660851,13
120.329026,159.6509456,170.2273059,169.7520027,157.2972128,165.3229232,163.7625239,166.0744352,176.9463175,174.2256405,174.9220444,173.3187027,176.1438946,134.4025267,121.8623765,30.7563119,13
118.1196412,145.7203006,157.5353181,167.4892486,171.5624884,165.862034,167.641266,168.5201937,175.8537285,175.0577139,173.597763,170.9637897,172.8819585,132.6945888,133.9619331,37.86057447,13
121.1391251,153.2984997,167.0802668,175.8850597,163.5820868,167.3607748,166.2938993,168.9912442,176.2578119,173.5653141,172.1369219,171.4197982,173.2876801,128.9749612,133.2542906,30.42569898,13
131.4931039,160.3738425,174.8376613,172.843176,159.1069169,171.019353,169.5642442,168.4500663,176.5380523,173.1810982,172.6613029,170.7993821,173.5694637,111.3547224,132.0258566,21.73886594,13
130.5428114,160.2284519,170.9003128,166.619976,151.6275364,169.365529,167.955354,169.0919908,173.4828015,173.757144,172.4496633,172.135179,174.5817924,129.6372857,128.7161803,25.24655519,13
123.0547112,167.6835599,177.9044871,169.0724204,153.2115545,164.6381168,160.1380575,158.2678595,170.8025228,169.4261243,171.2515278,172.9716766,178.1654128,139.7218399,115.0384117,32.43191806,13
118.1011925,154.6908198,167.9859099,171.1999936,157.7936275,167.765276,168.3054983,168.2761348,178.0332727,176.82572,178.8312782,174.9144764,178.6483196,132.6593141,147.5936802,26.38988743,13
117.074114,156.2036954,169.2731046,168.2116375,157.2408483,158.8270708,159.0680015,159.597104,172.7256982,173.5017518,172.7865377,169.4389498,176.1655864,135.0569691,124.7793559,32.20569581,13
126.7880345,155.3398716,168.1987251,173.7681145,170.6282554,175.4380683,172.4131089,172.7925202,177.9822538,172.7518482,173.1791255,172.9898699,174.4671153,127.6070729,156.8278646,37.0072064,13
117.0502861,158.9401403,171.8962492,168.6971374,154.9570572,165.666384,166.5458623,167.9080437,178.0085453,175.5224233,176.0711029,171.3679617,175.3863931,131.6935496,143.941698,25.91481278,13
172.0118129,147.8568884,138.4663342,144.5817688,161.1956021,67.43517838,74.05219786,57.01538914,163.6437157,166.7293215,164.4751766,163.7707449,162.5542115,133.6075641,162.7611916,58.33667847,14
172.9172343,116.1874897,103.7779319,109.0576238,153.3784529,93.14569854,104.6478702,96.2365238,160.9504062,168.2802189,163.0202883,163.5557943,161.1590034,150.5607785,163.7079841,48.66354778,14
171.7836398,147.3604126,140.6587179,146.946642,165.1277239,58.93156635,66.17682271,50.1772342,165.3413113,167.4166394,165.2353729,164.9153931,165.1454083,134.8028047,164.5315462,59.69533993,14
173.1393934,90.83900718,80.57066162,89.57307699,157.1483454,130.460646,117.7159054,102.5537398,154.3390632,161.2133233,137.1024485,143.8772797,157.3509503,152.2141599,130.5122216,40.80772029,14
175.534958,134.237611,129.8351938,145.8566,168.1616434,74.17812822,75.75465877,49.30915984,170.8091704,162.5744081,161.5957438,161.4118232,165.5966645,158.8618869,152.2670706,73.73223234,14
176.7374466,139.7880639,127.6645529,138.6332267,166.7564188,64.72649321,74.73075542,56.96228295,171.1726956,164.7806312,162.8583314,162.0191952,166.4624943,143.8257408,150.4386432,42.35390875,14
175.7768852,128.7635303,118.236916,128.482962,158.334595,81.73824798,85.10669631,68.18234539,166.9112759,162.3086456,157.7361645,157.7008284,161.9247024,154.7402772,149.2910724,60.61142834,14
175.9364891,119.7981346,108.5419244,127.1759278,173.2110395,68.44325597,77.77254746,68.71662782,174.485015,163.5767993,156.7358281,152.0423609,171.4054679,156.8283011,146.0855892,35.22145935,14
169.390407,99.37045828,103.1592931,125.668849,160.1060344,100.4253321,88.92469072,82.65753454,160.7616804,156.00524,136.692793,132.4482886,153.8609226,165.2014265,149.0498552,49.05000122,14
172.7764056,132.7109307,135.7165578,145.268707,169.2715178,65.61708818,67.5877729,54.93214834,159.4203454,161.7581697,159.704115,159.6871147,162.1624307,141.8949236,144.6427123,54.11472998,14
173.9802054,116.4745045,117.3587321,121.8556249,158.1835704,90.63005216,84.11388432,72.10966914,157.1124771,158.6075118,154.3400414,152.3007424,163.0532617,162.9822951,157.6098635,67.2561532,14
175.9382477,147.6288352,132.7950401,136.6176349,174.5189781,70.59177498,86.53312155,68.31213182,161.9812502,166.6156938,166.4160293,163.0412739,169.1901539,159.2670142,159.1332625,73.9447534,14
164.2679313,138.8078266,139.5163803,142.7434031,169.5500347,66.86964424,46.73919094,23.91617329,151.8222633,166.734963,43.62524457,138.9047146,170.8673913,160.052032,167.2470441,56.02606697,14
178.104577,147.168834,136.9308319,139.736973,176.3576939,63.74661596,76.04621457,61.20454705,163.9600242,168.1631253,168.0624025,164.5369773,170.5977936,157.2764234,159.9599215,71.92488152,14
179.4698484,151.138099,134.8167498,137.7811637,173.227485,61.50887372,82.59742635,66.49741194,163.5794109,167.5250631,168.384018,164.5577078,169.0963057,158.4063184,160.3644503,74.22468324,14
178.0693878,148.1353713,137.5551029,139.6701709,174.4153769,64.63216203,80.24731264,64.57902933,161.853144,166.1923111,164.5640214,163.0647944,168.7292013,158.370155,164.589218,71.07560009,14
156.6244939,137.6031041,129.9572469,135.3541638,161.106605,70.80852425,71.49349127,53.14917094,161.8803706,156.2583407,155.8287581,156.0408575,160.3948431,133.2871201,165.5125261,56.29971829,14
172.7928221,145.9860335,127.3899151,136.0693802,166.3304651,53.79314276,65.9984688,46.97607767,163.0961871,166.2065306,160.8042561,160.1477587,170.5152883,153.1986206,163.3606394,39.43762122,14
169.2992655,134.5772539,122.4162514,133.419619,169.5153221,91.16579953,91.33399823,66.7907624,163.7440344,161.715204,163.0641294,162.6621036,167.2050145,148.0726846,170.216066,69.55630968,14
175.0033643,128.5320863,125.8353405,136.5445084,164.5911576,67.26246709,71.39498956,52.17450439,163.4395641,153.6542762,153.5541565,154.8541679,164.869113,157.5751904,146.5557527,61.67453512,14
171.6255546,140.4441579,127.1069762,139.1698003,161.9965543,56.71756879,66.98738235,45.64524824,162.3836032,169.6685344,166.4456657,163.213822,170.4343081,145.2226181,157.5476715,32.18219869,14
176.729171,152.3568039,145.6966056,158.0154013,171.2838769,34.11716086,39.23482313,19.40473211,158.8118056,166.1030087,149.3164452,161.1773388,176.6305334,158.6458884,176.6537828,40.28349205,14
167.037449,129.4324282,123.4204033,128.3809795,155.0960343,64.5204432,70.345539,50.05014107,153.1758805,161.956197,137.8514836,147.3732812,169.7218433,159.642726,174.7336611,62.47826435,14
166.9828427,135.0114475,129.9705531,133.4408467,158.7202192,62.72242984,61.2928777,42.94660411,151.400141,157.5414646,120.20744,148.5505466,171.5127831,160.864418,171.2055741,61.56038215,14
124.7106512,142.3343765,151.7951271,142.9493091,137.0530495,172.5977219,178.6341071,68.07026343,77.67590468,171.1611573,166.8575139,154.5598229,160.4172148,138.5719826,136.2785886,52.13225995,15
118.5605031,143.0680806,154.6238391,146.2492416,137.5062996,174.971143,176.923373,55.90575358,66.5950464,170.5181159,165.2633116,156.6540754,161.5772281,139.7714593,141.8980741,48.85017243,15
132.3926416,151.1977452,170.8127517,154.6329419,144.7144847,169.7301215,175.6071845,48.39551643,63.60347454,173.3725462,167.2528759,158.1047967,160.5688123,133.3180402,158.6574755,27.57029375,15
117.5852741,152.3639771,166.4177997,150.426387,154.3102836,169.8092639,167.2365972,54.35326426,58.92070955,173.8271669,170.1375513,155.7775081,153.3716527,133.4603329,137.4398022,26.44244729,15
89.81778863,147.5030357,161.7718447,122.3056028,107.135767,168.895043,179.5170955,85.97503824,92.73775016,171.3810972,160.7323908,146.0463858,150.7639743,147.597196,171.6175414,54.12582935,15
129.4098532,149.3709579,163.3494464,146.1750931,144.4514876,171.716334,168.4745747,75.01051767,72.58082629,177.4840519,172.9713334,145.7297643,149.3251774,131.1719409,174.6336518,28.7825694,15
87.6371929,146.8920976,159.5648382,120.2264129,96.07457529,169.6044583,177.3632683,89.79556872,105.7719958,170.0769952,161.9695976,147.2616381,149.7064039,148.9452681,169.1680586,54.62528549,15
87.7727362,145.4013435,161.6077916,123.3824051,105.9209305,167.0355903,177.5441334,86.16288012,92.94489927,169.985406,159.4476824,145.6591223,145.9300192,150.2496123,170.2961344,54.06631118,15
88.58940254,142.7471149,160.9060993,130.1105403,114.2580157,167.5481389,174.841853,79.50765222,87.24833954,170.7127647,159.3254563,146.6444069,149.9112526,148.4973916,174.0190694,51.74427192,15
89.45895753,143.4925056,158.8334941,129.5015897,114.260703,165.8231016,177.7236652,74.54390877,81.99365836,170.8485565,157.927179,145.0290938,146.6920096,146.6727464,171.1982193,52.39728967,15
139.0587212,144.654718,175.0644852,131.4661349,124.5696091,174.4819672,166.1841478,83.10543468,86.01934207,167.1714923,163.0950671,143.1350584,150.4298079,138.1388559,173.0722465,43.60633809,15
146.9490784,129.9739195,154.1312464,151.3633643,150.462083,172.1525755,169.1627742,31.55388552,39.9646761,167.6902687,166.0872624,155.43096,165.2583207,129.1387474,176.1946535,35.1316206,15
132.5818811,154.4890188,165.0195763,148.4144477,142.7241297,168.9500526,167.3291549,62.62688304,68.36756746,176.677842,175.5971376,157.0223687,155.5840384,139.8897269,155.1754859,31.89104645,15
132.3160246,159.8551477,161.2162247,140.2832745,129.1086456,172.6028392,173.9952857,57.6319463,61.17573971,167.9934535,163.5166677,154.1026232,160.4639814,138.0449948,165.8221234,24.28421613,15
130.0134467,163.8328865,157.383865,135.4347031,116.6639156,172.8691027,177.1091407,68.78718023,78.85704616,168.2922587,163.3449414,154.1531077,159.7049603,144.9049302,153.9784991,30.59806067,15
142.1452592,145.2628292,163.3543514,128.1380775,132.7376399,173.1696877,168.9453397,55.66779846,51.82711461,174.2931985,171.2276517,144.1096613,142.9506179,142.8983211,176.7810045,28.61110025,15
128.381256,150.2718539,166.788593,131.10426,105.7559122,170.6586336,163.3372147,63.94951986,80.13254589,172.302388,166.2268793,151.3985611,148.2248274,136.6756125,158.782935,29.53664269,15
115.6470532,154.4624089,158.4736631,137.1470501,129.8760645,173.679563,169.8695141,58.05971673,61.95383175,173.1246746,166.6294688,155.8774131,163.2326004,150.8196769,158.0509486,44.003926,15
117.398572,150.4577214,159.4033401,137.2720211,132.7403989,173.5812972,175.1837011,58.94233545,61.52077559,174.269895,168.8115063,155.8665331,163.0327633,143.6860285,153.9692085,37.81551884,15
168.4921095,160.4936567,120.7202192,124.7437647,136.6082048,158.9466442,61.84629944,45.29126712,38.71435949,164.9757801,114.2776313,128.5301161,146.190539,159.7721541,173.8433658,69.4041645,16
170.7329311,153.4444281,138.7799514,120.1727958,134.9099524,167.3591253,52.1179186,54.00464964,38.43601439,169.9819683,119.6044651,112.5855281,130.7646163,163.3670168,172.3368292,68.93930028,16
173.095645,165.309292,129.6974043,120.3134434,144.8510221,177.5271129,48.60302146,46.12126529,20.11762383,173.1222838,163.4885655,152.6040398,155.6749189,171.0295283,168.2823704,81.38876508,16
173.40795,150.3384484,123.1039888,121.9702035,132.8503664,161.0443285,57.26406971,43.89750957,34.62134693,164.0825644,110.1441922,123.3306364,142.9781182,155.4176724,175.4717903,60.31154968,16
170.6524415,171.4438174,132.4663801,123.3322457,136.266388,178.3841955,61.82258889,60.73580219,44.54534333,171.3083095,164.6674624,156.3414871,162.3639248,165.6158286,169.6265226,76.71878443,16
172.716256,165.149038,126.6884411,122.5563279,147.7500755,178.9583169,52.7954481,45.29953322,18.89342422,171.427212,163.0632202,154.8401027,157.9863185,171.8197226,168.5485089,76.23368155,16
166.2803027,167.1326789,132.0789009,134.7514277,141.7435856,174.1261996,62.75309878,45.33335791,37.74201942,173.3584701,164.1434019,161.8773245,163.7480294,165.4469515,174.2595601,69.84658413,16
173.8174678,167.5659552,129.9265056,127.4166174,152.03408,176.9670173,48.04692359,40.28383732,20.75740306,173.088098,164.55887,159.5901385,162.4293639,172.3157225,171.9017792,74.86573372,16
173.9799135,167.0657551,135.8842988,141.3311899,162.6658344,174.6932536,32.53473952,13.9874719,23.9383541,169.6946707,165.2235619,164.187758,168.4205945,177.6426268,170.4099858,83.15756864,16
172.3774545,171.8245023,134.3892191,139.5531834,151.1378815,169.8187195,41.15028245,20.02554097,20.84328713,174.2777515,161.0413926,164.0722863,167.9543585,168.0172647,172.0278333,72.90068295,16
174.761197,148.7410394,122.9420818,121.0826328,131.7075379,159.337316,50.50962637,41.30759364,32.5035513,170.840502,105.3076662,114.7817258,134.6120299,150.9600681,168.0973548,52.01140755,16
165.7775474,159.3880482,112.8287354,107.7427774,132.5987576,170.1558345,79.23529766,73.9920232,46.46162768,169.5291771,137.4729153,131.892003,154.5402713,164.4951458,167.3083873,65.70692478,16
171.1789905,142.5047789,131.9359177,132.1452155,139.6475736,171.4546628,82.7676596,59.86615321,44.33189611,169.9688096,144.8071056,144.0890092,156.8639781,163.1367909,164.1001103,54.4875613,16
173.8516985,141.1596665,123.4300956,127.6062543,150.3509734,167.4258541,80.52559372,60.7589569,39.73671892,172.6757901,136.0110227,141.3464057,153.1678209,162.5792572,168.1700369,54.24151658,16
172.1038021,145.7990332,116.4206166,123.2268989,143.6022551,163.8563259,78.35003946,57.12771408,51.25296757,171.2506207,122.0223624,140.776909,145.3356254,166.2765744,169.9501347,61.31917225,16
175.1085997,145.8449963,123.7011311,127.2123904,152.2349451,170.4923358,82.04301176,62.84768264,39.2513143,173.0081984,136.4604579,140.5150249,151.2429333,163.0995153,166.5434695,54.76803543,16
176.1844092,149.5718833,118.1721485,118.5335601,141.6968568,165.3205155,59.80305733,51.55759671,35.99986529,172.881783,128.8274763,134.367376,150.0777179,156.3701596,158.6219375,51.56848288,16
174.9425682,147.5776037,122.8818735,122.4209036,142.2414505,165.2415346,58.29925209,48.86418856,33.99040564,172.4667443,134.0299009,139.7488721,151.3734421,146.6516233,150.9354859,48.1921133,16
158.843394,150.6551183,140.1073738,159.9955587,166.6890992,175.1300545,51.94845857,13.313354,7.48848119,177.5904577,150.869801,147.0771244,155.2649382,161.0306147,167.5109494,49.02130564,16
158.9503316,171.944301,141.4482196,144.2543985,166.9772339,177.5626828,54.1390065,38.50589548,14.93287959,171.1591212,163.1156155,150.9862987,162.6136613,163.9532165,161.103354,51.3790572,16
173.8744181,132.1138964,135.8825621,140.8664153,144.7311016,172.8496866,61.41346911,34.63638892,32.54200725,170.8699538,138.8967252,132.9139731,146.5268399,154.2773162,168.3881814,58.56067124,16
167.2338526,137.3042535,135.0552235,137.6427094,158.2723593,178.0432568,54.96800801,30.09125893,21.99734054,170.2051453,137.6123185,136.287551,151.4054252,169.6484985,169.4595523,60.02457611,16
166.0074492,143.0590483,152.1938006,154.1206967,151.2539002,175.3530302,42.44821885,24.92619485,29.51176813,171.9721899,145.2475435,148.3941737,161.3469127,164.8321306,170.48437,62.94900281,16
177.8973878,152.996199,144.6019131,128.7305454,139.4495569,176.2691378,31.37019869,31.04600097,31.7859773,172.791406,149.362158,130.272986,142.3146402,164.5840331,157.0178561,70.68025608,16
172.6503477,150.335043,154.2478716,144.2156625,148.83384,175.7440567,41.90037053,35.29175271,30.86096531,171.6281743,158.4286704,145.7516453,151.0137768,165.6238407,171.8849103,69.57062035,16
150.8306042,142.715868,127.4625907,129.8024476,121.7623123,163.904965,61.31766323,55.35236788,65.168977,172.910941,145.5173396,141.9666168,134.2737849,156.1511029,168.4708966,54.87800465,17
156.1173443,146.9756176,109.2812496,99.52835775,87.16341289,120.906597,71.10588729,71.66319225,75.95439889,146.3283476,117.6010311,109.4429353,126.8037152,140.3002083,174.6293976,68.73927736,17
151.397928,153.4769698,121.8322396,118.3940737,100.9397396,160.6279886,66.15325876,64.92892024,88.35896268,168.0328252,135.0730264,127.8194946,121.672742,137.4950211,164.375563,69.60597108,17
156.6580152,155.3985346,129.8781588,122.713499,109.2290048,156.6666909,80.09332935,68.05115061,82.21672647,170.5039172,121.0381476,127.7748344,116.6329854,143.6237506,167.8965914,68.51163142,17
151.7179818,150.6473865,123.1399308,120.4954264,106.8423143,161.2161114,58.5812998,60.46275227,114.4248875,169.4415783,131.1221394,128.2433605,112.6631831,140.7987836,166.829322,69.44587828,17
156.7160498,153.7235367,114.0235853,110.1601727,104.6670942,157.3259762,81.48791383,80.75426496,112.8652748,169.3612963,131.859749,124.6453134,98.33428443,135.3554479,160.6427907,64.40252882,17
157.6805043,164.6051365,127.1329577,114.9717844,105.4722218,146.5295578,68.2083057,74.25594531,90.30001789,171.6836842,130.7304543,126.4462362,142.1636741,134.655919,169.3000587,61.18143643,17
153.2997354,142.3957581,130.2659148,133.8368728,117.0122605,163.8858644,68.46434995,68.74645081,96.25560667,168.733482,133.741098,128.2321355,115.3870153,153.4939635,173.3981377,67.74397575,17
155.8729532,145.7609041,127.1635773,125.3503722,115.2948401,166.4815552,64.37581522,60.03311695,79.58520806,171.3254411,134.3615919,130.7481034,116.2925347,158.7140572,168.1208795,71.37026243,17
159.1784769,151.3273951,127.5825286,124.4463371,126.7118564,134.8750357,81.57414615,77.89612612,86.55478521,169.4766174,126.037278,122.3159822,116.0661156,151.3688294,176.1161625,63.85758732,17
168.2239219,153.5274643,138.8552082,133.7600346,121.5860786,129.2257921,65.41891424,59.62664138,71.83382431,164.8691002,128.6977282,123.8787574,124.6890492,167.1366406,165.1943877,53.22243201,17
167.5612529,145.983347,152.4965696,136.4612849,120.0209537,134.7400277,101.7954269,98.66995014,108.9393577,166.3859472,130.6107082,121.2588916,115.4675587,151.8442981,176.790172,54.90806682,17
167.1346744,158.1088239,124.0145102,115.7842526,111.8540973,154.337573,60.6039914,60.61276876,75.81761194,168.6148598,129.2210006,133.9251667,132.5999579,145.3374841,171.9302107,53.52451603,17
160.0621112,165.337903,124.2682224,116.9158373,111.4323622,143.5997357,70.00536181,70.14278869,81.63065712,165.0933189,128.4824669,123.3876227,133.2482245,133.7361973,170.1044963,63.3935796,17
157.9078436,163.1366645,129.7437933,118.3434558,107.0986372,147.0348728,74.11831849,75.0530663,88.11904285,173.0423797,127.6812929,124.0076732,132.5522828,133.428772,170.5297573,57.07564564,17
156.4838165,161.7176737,119.1591615,122.7528862,121.4643972,144.6850211,71.88267146,65.52262692,72.44872146,160.7431558,120.3264803,122.2031266,132.6967693,143.3401857,168.461052,69.3343131,17
145.0634002,161.5448968,97.92960895,93.64893481,85.34728647,120.3410057,101.857122,97.07383253,106.1382856,165.9376043,124.5734829,125.5783601,124.9022683,124.8086489,166.9223994,68.56213515,17
153.0353301,149.9265399,121.2746501,112.1745176,116.0237617,142.6089449,68.29332805,73.92813541,70.19644435,174.2517396,131.9512552,127.4868826,127.9885973,134.5331155,165.1057118,67.58583987,17
151.8893077,150.8841885,106.4504084,99.89876306,105.3924184,129.8236156,74.23398947,76.31533593,71.1754754,162.7089801,115.0829684,104.2615543,130.0149169,140.173139,164.7680262,82.15459429,17
164.8754549,161.0114882,110.5474705,100.0387341,88.28509954,158.5412122,62.7588224,65.06542008,83.63416373,164.488065,140.9041145,136.9079969,133.8903034,139.4986788,173.3379935,60.59892128,17
161.553837,162.4280859,158.2421442,129.3771955,117.7663394,174.2685572,179.3214332,69.82077276,84.08983446,177.5233598,170.5232016,157.4269959,159.7527626,116.8666427,150.9214607,17.72527101,18
133.1623566,157.0045623,164.5154597,151.7828421,151.7707107,173.3330713,175.310669,40.70090188,48.51623444,175.8577229,172.6474907,160.0403841,160.1626149,147.6346703,113.5037527,32.21444721,18
131.2530752,164.4644652,167.1871656,145.4675691,152.7545715,175.5165228,170.3870735,42.34813485,27.15770017,174.3662937,166.4625333,159.9851999,162.0654779,138.5792824,151.8751117,23.89122483,18
162.1036727,162.7687143,159.4078615,138.3801911,127.4339208,173.2185405,177.4460782,55.78474024,69.15562825,178.8428637,172.0544031,159.0246964,159.6790088,120.091889,142.0465034,18.68855518,18
126.1361458,163.9583939,172.1743351,131.4588771,134.7815743,177.2171118,173.8954923,79.7172992,70.40838529,170.1779152,164.8996577,148.4330468,151.6020632,133.0400467,170.045963,33.04966081,18
160.7719819,160.4691937,158.7879381,139.652794,132.1049497,173.3982165,175.4808956,53.6455009,63.92874091,179.3493891,171.803121,159.2481107,160.9772148,120.93351,137.5065594,16.94907149,18
160.0458744,161.5368709,159.874072,139.0507326,123.9834802,170.9014022,171.5683135,57.79859486,79.95228036,178.7638846,173.1804508,158.4648236,159.318675,122.8209323,142.4104509,21.98004114,18
134.6800339,137.6137314,152.6174846,150.2108841,147.7244553,169.8967111,168.8744493,57.14095245,77.87117585,177.3225547,175.5372508,154.2830012,144.1290675,152.2204559,90.43668959,46.57252478,18
159.390004,163.0956684,164.005551,141.9439131,129.1187962,175.9133068,175.7243795,53.12999053,69.24591108,179.0315991,171.6891398,158.9842469,161.6648141,110.0701642,140.2603654,14.99476922,18
162.8008909,163.0053179,160.659246,138.0601013,125.5904375,173.373639,175.1132738,56.86155047,74.53281815,179.2507519,172.8256724,158.8655654,160.1116957,122.603889,135.0625534,15.7721564,18
159.1072001,163.4839098,163.8757698,142.1174689,136.0694282,173.3252729,173.2627583,50.74879028,61.05834098,178.87122,172.4277615,160.9291859,162.3618174,122.0573455,129.1578632,16.45706094,18
112.6126318,144.6373853,164.5977671,159.9321102,151.0535277,168.7917809,175.2460176,41.05555124,54.59360848,177.7262843,171.5426613,164.3863895,162.573674,137.7184134,140.0265673,33.32276681,18
111.5103275,142.2515851,163.0002117,157.489693,150.2507851,166.0293509,172.6092145,47.55218986,58.57678358,175.6396323,174.5669661,162.8450599,163.1091123,140.7129062,143.6924148,35.20200765,18
131.193949,137.9720693,152.5083847,150.4467619,150.2780394,169.5766628,168.4097902,46.08944392,59.25549566,177.4025855,176.933652,157.6988515,151.4625942,152.5794919,89.34086649,46.98889963,18
120.2278917,140.2216803,160.5008463,138.3940807,147.1463183,173.9894772,178.2846969,58.36708444,48.84853219,173.8798841,169.7204266,156.7502616,163.4247602,149.2076715,112.8373404,59.67121261,18
144.9052363,165.586909,168.78255,138.1836649,125.9130543,175.9570993,175.1894725,82.84688626,96.98274527,174.661527,172.935949,156.163075,158.3316053,133.0370246,174.2810101,41.77418218,18
153.1027654,153.9000554,165.7561647,151.3393104,145.3293238,178.79571,176.6308522,77.51919034,95.02661956,176.8871714,170.9005511,158.9655108,161.9119017,137.3099391,166.7232602,51.76854902,18
152.8096846,167.0466356,172.7897976,142.7312841,122.8872817,178.7131475,177.8873992,75.93834752,97.84558497,173.138936,169.7635348,155.3351071,156.3833943,135.090239,171.8243321,49.62581478,18
149.1775308,163.1524722,172.6539529,141.2903478,117.8686061,178.9374751,177.0271051,80.6540759,102.8369011,171.2573107,170.5648311,152.5362103,155.242304,137.1231788,175.6008759,47.63617295,18
147.3131223,156.9730348,169.1139456,132.3403367,105.3861482,176.5949337,170.8073517,88.5076757,108.6310348,167.5108696,166.3743377,143.6305893,149.7710355,146.8990457,168.6955536,61.41951533,18
